DOWNLOAD,UPLOAD,TANGGAL,NAMA
0.32,0.51,17/11/2021 07:00,Astinet_IJO
3.9,3.07,17/11/2021 08:00,Astinet_IJO
4.98,1,17/11/2021 09:00,Astinet_IJO
9.08,1,17/11/2021 10:00,Astinet_IJO
12.2,1,17/11/2021 11:00,Astinet_IJO
4.29,1,17/11/2021 12:00,Astinet_IJO
2.98,1,17/11/2021 13:00,Astinet_IJO
2.38,1,17/11/2021 14:00,Astinet_IJO
4.37,1,17/11/2021 15:00,Astinet_IJO
1.15,1,17/11/2021 16:00,Astinet_IJO
1.28,1,17/11/2021 17:00,Astinet_IJO
1,1,17/11/2021 18:00,Astinet_IJO
1,1,17/11/2021 19:00,Astinet_IJO
1,1,17/11/2021 20:00,Astinet_IJO
1,1,17/11/2021 21:00,Astinet_IJO
1,1,17/11/2021 22:00,Astinet_IJO
1,1,17/11/2021 23:00,Astinet_IJO
1,1,18/11/2021 00:00,Astinet_IJO
1,1,18/11/2021 01:00,Astinet_IJO
1,1,18/11/2021 02:00,Astinet_IJO
1,1,18/11/2021 03:00,Astinet_IJO
1,1,18/11/2021 04:00,Astinet_IJO
1,1,18/11/2021 05:00,Astinet_IJO
1,1,18/11/2021 06:00,Astinet_IJO
1,1,18/11/2021 07:00,Astinet_IJO
3.9,1,18/11/2021 08:00,Astinet_IJO
4.18,1,18/11/2021 09:00,Astinet_IJO
4.8,1,18/11/2021 10:00,Astinet_IJO
6.08,1,18/11/2021 11:00,Astinet_IJO
5.87,1,18/11/2021 12:00,Astinet_IJO
5.08,1,18/11/2021 13:00,Astinet_IJO
4.07,1,18/11/2021 14:00,Astinet_IJO
2.44,1,18/11/2021 15:00,Astinet_IJO
3.85,1,18/11/2021 16:00,Astinet_IJO
6.99,1,18/11/2021 17:00,Astinet_IJO
2.81,1,18/11/2021 18:00,Astinet_IJO
2.62,1,18/11/2021 19:00,Astinet_IJO
1,1,18/11/2021 20:00,Astinet_IJO
1,1,18/11/2021 21:00,Astinet_IJO
1,1,18/11/2021 22:00,Astinet_IJO
1,1,18/11/2021 23:00,Astinet_IJO
1,1,19/11/2021 00:00,Astinet_IJO
1,1,19/11/2021 01:00,Astinet_IJO
1,1,19/11/2021 02:00,Astinet_IJO
1,1,19/11/2021 03:00,Astinet_IJO
1,1,19/11/2021 04:00,Astinet_IJO
1,1,19/11/2021 05:00,Astinet_IJO
1,1,19/11/2021 06:00,Astinet_IJO
1.22,1,19/11/2021 07:00,Astinet_IJO
4.75,1,19/11/2021 08:00,Astinet_IJO
6.21,2.14,19/11/2021 09:00,Astinet_IJO
7.78,8.04,19/11/2021 10:00,Astinet_IJO
5.7,4.28,19/11/2021 11:00,Astinet_IJO
6.8,6.08,19/11/2021 12:00,Astinet_IJO
15.64,1,19/11/2021 13:00,Astinet_IJO
6.6,1,19/11/2021 14:00,Astinet_IJO
6.69,10.03,19/11/2021 15:00,Astinet_IJO
6.25,2.75,19/11/2021 16:00,Astinet_IJO
5.94,1.11,19/11/2021 17:00,Astinet_IJO
4.78,1.47,19/11/2021 18:00,Astinet_IJO
3.11,1.7,19/11/2021 19:00,Astinet_IJO
2.06,1.75,19/11/2021 20:00,Astinet_IJO
1.19,1,19/11/2021 21:00,Astinet_IJO
1,1,19/11/2021 22:00,Astinet_IJO
1.28,1,19/11/2021 23:00,Astinet_IJO
1,1,20/11/2021 00:00,Astinet_IJO
1,1,20/11/2021 01:00,Astinet_IJO
1,1,20/11/2021 02:00,Astinet_IJO
1,1,20/11/2021 03:00,Astinet_IJO
1,1,20/11/2021 04:00,Astinet_IJO
1,1,20/11/2021 05:00,Astinet_IJO
1,1,20/11/2021 06:00,Astinet_IJO
1,1,20/11/2021 07:00,Astinet_IJO
1,1,20/11/2021 08:00,Astinet_IJO
1,1,20/11/2021 09:00,Astinet_IJO
1,1,20/11/2021 10:00,Astinet_IJO
1,1,20/11/2021 11:00,Astinet_IJO
1,1,20/11/2021 12:00,Astinet_IJO
1.46,1,20/11/2021 13:00,Astinet_IJO
1,1,20/11/2021 14:00,Astinet_IJO
1.8,1,20/11/2021 15:00,Astinet_IJO
1,1,20/11/2021 16:00,Astinet_IJO
1,1,20/11/2021 17:00,Astinet_IJO
1,1,20/11/2021 18:00,Astinet_IJO
1,1,20/11/2021 19:00,Astinet_IJO
1,1,20/11/2021 20:00,Astinet_IJO
1,1,20/11/2021 21:00,Astinet_IJO
1,1,20/11/2021 22:00,Astinet_IJO
1,1,20/11/2021 23:00,Astinet_IJO
1,1,21/11/2021 00:00,Astinet_IJO
1,1,21/11/2021 01:00,Astinet_IJO
1,1,21/11/2021 02:00,Astinet_IJO
1,1,21/11/2021 03:00,Astinet_IJO
1,1,21/11/2021 04:00,Astinet_IJO
1,1,21/11/2021 05:00,Astinet_IJO
1,1,21/11/2021 06:00,Astinet_IJO
1,1,21/11/2021 07:00,Astinet_IJO
1,1,21/11/2021 08:00,Astinet_IJO
1,1,21/11/2021 09:00,Astinet_IJO
1,1,21/11/2021 10:00,Astinet_IJO
1,1,21/11/2021 11:00,Astinet_IJO
1,1,21/11/2021 12:00,Astinet_IJO
1,1,21/11/2021 13:00,Astinet_IJO
1,1,21/11/2021 14:00,Astinet_IJO
1,1,21/11/2021 15:00,Astinet_IJO
1,1,21/11/2021 16:00,Astinet_IJO
1,1,21/11/2021 17:00,Astinet_IJO
1,1,21/11/2021 18:00,Astinet_IJO
1,1,21/11/2021 19:00,Astinet_IJO
1,1,21/11/2021 20:00,Astinet_IJO
1,1,21/11/2021 21:00,Astinet_IJO
1,1,21/11/2021 22:00,Astinet_IJO
1,1,21/11/2021 23:00,Astinet_IJO
1,1,22/11/2021 00:00,Astinet_IJO
1,1,22/11/2021 01:00,Astinet_IJO
1,1,22/11/2021 02:00,Astinet_IJO
1,1,22/11/2021 03:00,Astinet_IJO
1,1,22/11/2021 04:00,Astinet_IJO
1,1,22/11/2021 05:00,Astinet_IJO
1,1,22/11/2021 06:00,Astinet_IJO
1,1,22/11/2021 07:00,Astinet_IJO
7.33,1,22/11/2021 08:00,Astinet_IJO
11.52,1,22/11/2021 09:00,Astinet_IJO
10.93,1,22/11/2021 10:00,Astinet_IJO
6.89,1,22/11/2021 11:00,Astinet_IJO
6.07,1,22/11/2021 12:00,Astinet_IJO
4.89,1,22/11/2021 13:00,Astinet_IJO
3.85,1,22/11/2021 14:00,Astinet_IJO
3.25,1,22/11/2021 15:00,Astinet_IJO
11.26,1,22/11/2021 16:00,Astinet_IJO
2.89,8.17,22/11/2021 17:00,Astinet_IJO
2.06,1,22/11/2021 18:00,Astinet_IJO
1,1,22/11/2021 19:00,Astinet_IJO
1,1,22/11/2021 20:00,Astinet_IJO
1,1,22/11/2021 21:00,Astinet_IJO
1,1,22/11/2021 22:00,Astinet_IJO
1,1,22/11/2021 23:00,Astinet_IJO
1,1,23/11/2021 00:00,Astinet_IJO
1,1,23/11/2021 01:00,Astinet_IJO
1,1,23/11/2021 02:00,Astinet_IJO
1,1,23/11/2021 03:00,Astinet_IJO
1,1,23/11/2021 04:00,Astinet_IJO
1,1,23/11/2021 05:00,Astinet_IJO
1,1,23/11/2021 06:00,Astinet_IJO
1,1,23/11/2021 07:00,Astinet_IJO
3.52,1,23/11/2021 08:00,Astinet_IJO
3.9,1.14,23/11/2021 09:00,Astinet_IJO
3.26,1.25,23/11/2021 10:00,Astinet_IJO
2.59,1,23/11/2021 11:00,Astinet_IJO
6.2,1,23/11/2021 12:00,Astinet_IJO
5.09,1,23/11/2021 13:00,Astinet_IJO
4.53,1,23/11/2021 14:00,Astinet_IJO
2.57,1,23/11/2021 15:00,Astinet_IJO
3.33,1.1,23/11/2021 16:00,Astinet_IJO
2.74,1,23/11/2021 17:00,Astinet_IJO
1.41,1,23/11/2021 18:00,Astinet_IJO
1,1,23/11/2021 19:00,Astinet_IJO
1.33,1,23/11/2021 20:00,Astinet_IJO
1.77,1.31,23/11/2021 21:00,Astinet_IJO
1,2.06,23/11/2021 22:00,Astinet_IJO
1,1,23/11/2021 23:00,Astinet_IJO
1,1,24/11/2021 00:00,Astinet_IJO
1,1,24/11/2021 01:00,Astinet_IJO
1,1,24/11/2021 02:00,Astinet_IJO
1,1,24/11/2021 03:00,Astinet_IJO
1,1,24/11/2021 04:00,Astinet_IJO
1,1,24/11/2021 05:00,Astinet_IJO
1,1,24/11/2021 06:00,Astinet_IJO
1,1,24/11/2021 07:00,Astinet_IJO
3.43,1,24/11/2021 08:00,Astinet_IJO
3.82,2.2,24/11/2021 09:00,Astinet_IJO
3.56,2.14,24/11/2021 10:00,Astinet_IJO
5.04,1.37,24/11/2021 11:00,Astinet_IJO
4.55,1,24/11/2021 12:00,Astinet_IJO
8.12,1.56,24/11/2021 13:00,Astinet_IJO
12.02,1,24/11/2021 14:00,Astinet_IJO
4.26,1,24/11/2021 15:00,Astinet_IJO
4.19,1,24/11/2021 16:00,Astinet_IJO
2.43,1,24/11/2021 17:00,Astinet_IJO
1,1,24/11/2021 18:00,Astinet_IJO
1,1,24/11/2021 19:00,Astinet_IJO
1,1,24/11/2021 20:00,Astinet_IJO
1,1,24/11/2021 21:00,Astinet_IJO
1,1,24/11/2021 22:00,Astinet_IJO
1,1,24/11/2021 23:00,Astinet_IJO
1,1,25/11/2021 00:00,Astinet_IJO
1,1,25/11/2021 01:00,Astinet_IJO
1,1,25/11/2021 02:00,Astinet_IJO
1,1,25/11/2021 03:00,Astinet_IJO
1,1,25/11/2021 04:00,Astinet_IJO
1,1,25/11/2021 05:00,Astinet_IJO
1,1,25/11/2021 06:00,Astinet_IJO
1,1,25/11/2021 07:00,Astinet_IJO
8.29,1,25/11/2021 08:00,Astinet_IJO
4.31,1,25/11/2021 09:00,Astinet_IJO
5.68,1,25/11/2021 10:00,Astinet_IJO
6.69,1,25/11/2021 11:00,Astinet_IJO
9.59,1,25/11/2021 12:00,Astinet_IJO
4.53,1,25/11/2021 13:00,Astinet_IJO
5.08,1,25/11/2021 14:00,Astinet_IJO
6.12,1,25/11/2021 15:00,Astinet_IJO
6.05,1.46,25/11/2021 16:00,Astinet_IJO
4.53,1.32,25/11/2021 17:00,Astinet_IJO
2.33,1,25/11/2021 18:00,Astinet_IJO
1,1,25/11/2021 19:00,Astinet_IJO
1.97,1,25/11/2021 20:00,Astinet_IJO
1.26,1,25/11/2021 21:00,Astinet_IJO
1,1,25/11/2021 22:00,Astinet_IJO
1,1,25/11/2021 23:00,Astinet_IJO
1,1,26/11/2021 00:00,Astinet_IJO
1,1,26/11/2021 01:00,Astinet_IJO
1,1,26/11/2021 02:00,Astinet_IJO
1,1,26/11/2021 03:00,Astinet_IJO
1.4,1,26/11/2021 04:00,Astinet_IJO
5.85,1,26/11/2021 05:00,Astinet_IJO
5.69,1,26/11/2021 06:00,Astinet_IJO
3.74,1,26/11/2021 07:00,Astinet_IJO
3.84,1,26/11/2021 08:00,Astinet_IJO
6.86,1,26/11/2021 09:00,Astinet_IJO
7.25,1,26/11/2021 10:00,Astinet_IJO
8.87,1,26/11/2021 11:00,Astinet_IJO
5.48,1,26/11/2021 12:00,Astinet_IJO
4.01,1.01,26/11/2021 13:00,Astinet_IJO
9,2.16,26/11/2021 14:00,Astinet_IJO
6.74,1,26/11/2021 15:00,Astinet_IJO
3.74,1.56,26/11/2021 16:00,Astinet_IJO
1.56,1,26/11/2021 17:00,Astinet_IJO
1.98,1,26/11/2021 18:00,Astinet_IJO
1,1,26/11/2021 19:00,Astinet_IJO
1,1,26/11/2021 20:00,Astinet_IJO
1,1,26/11/2021 21:00,Astinet_IJO
1,1,26/11/2021 22:00,Astinet_IJO
1,1,26/11/2021 23:00,Astinet_IJO
1,1,27/11/2021 00:00,Astinet_IJO
1,1,27/11/2021 01:00,Astinet_IJO
1,1,27/11/2021 02:00,Astinet_IJO
1,1,27/11/2021 03:00,Astinet_IJO
1,1,27/11/2021 04:00,Astinet_IJO
1,1,27/11/2021 05:00,Astinet_IJO
1,1,27/11/2021 06:00,Astinet_IJO
1,1,27/11/2021 07:00,Astinet_IJO
1,1,27/11/2021 08:00,Astinet_IJO
1,1,27/11/2021 09:00,Astinet_IJO
1,1,27/11/2021 10:00,Astinet_IJO
1,1,27/11/2021 11:00,Astinet_IJO
1,1,27/11/2021 12:00,Astinet_IJO
1,1,27/11/2021 13:00,Astinet_IJO
1,1,27/11/2021 14:00,Astinet_IJO
1,1,27/11/2021 15:00,Astinet_IJO
1,1,27/11/2021 16:00,Astinet_IJO
1,1,27/11/2021 17:00,Astinet_IJO
1,1,27/11/2021 18:00,Astinet_IJO
1,1,27/11/2021 19:00,Astinet_IJO
1,1,27/11/2021 20:00,Astinet_IJO
1,1,27/11/2021 21:00,Astinet_IJO
1,1,27/11/2021 22:00,Astinet_IJO
1,1,27/11/2021 23:00,Astinet_IJO
1,1,28/11/2021 00:00,Astinet_IJO
1,1,28/11/2021 01:00,Astinet_IJO
1,1,28/11/2021 02:00,Astinet_IJO
1,1,28/11/2021 03:00,Astinet_IJO
1,1,28/11/2021 04:00,Astinet_IJO
1,1,28/11/2021 05:00,Astinet_IJO
1,1,28/11/2021 06:00,Astinet_IJO
1,1,28/11/2021 07:00,Astinet_IJO
1,1,28/11/2021 08:00,Astinet_IJO
1,1,28/11/2021 09:00,Astinet_IJO
1,1,28/11/2021 10:00,Astinet_IJO
1,1,28/11/2021 11:00,Astinet_IJO
1,1,28/11/2021 12:00,Astinet_IJO
1,1,28/11/2021 13:00,Astinet_IJO
1,1,28/11/2021 14:00,Astinet_IJO
1,1,28/11/2021 15:00,Astinet_IJO
1,1,28/11/2021 16:00,Astinet_IJO
1,1,28/11/2021 17:00,Astinet_IJO
1,1,28/11/2021 18:00,Astinet_IJO
1,1,28/11/2021 19:00,Astinet_IJO
1,1,28/11/2021 20:00,Astinet_IJO
1,1,28/11/2021 21:00,Astinet_IJO
1,1,28/11/2021 22:00,Astinet_IJO
1,1,28/11/2021 23:00,Astinet_IJO
1,1,29/11/2021 00:00,Astinet_IJO
1,1,29/11/2021 01:00,Astinet_IJO
1,1,29/11/2021 02:00,Astinet_IJO
1,1,29/11/2021 03:00,Astinet_IJO
1,1,29/11/2021 04:00,Astinet_IJO
1,1,29/11/2021 05:00,Astinet_IJO
1,1,29/11/2021 06:00,Astinet_IJO
1,1,29/11/2021 07:00,Astinet_IJO
2.75,1,29/11/2021 08:00,Astinet_IJO
4.47,1.5,29/11/2021 09:00,Astinet_IJO
8.24,2.57,29/11/2021 10:00,Astinet_IJO
6.17,1.91,29/11/2021 11:00,Astinet_IJO
12.13,2.11,29/11/2021 12:00,Astinet_IJO
5.12,1.45,29/11/2021 13:00,Astinet_IJO
9.72,1.82,29/11/2021 14:00,Astinet_IJO
7.2,1.5,29/11/2021 15:00,Astinet_IJO
8.56,1.68,29/11/2021 16:00,Astinet_IJO
4.21,2.22,29/11/2021 17:00,Astinet_IJO
1.02,1,29/11/2021 18:00,Astinet_IJO
1.5,1,29/11/2021 19:00,Astinet_IJO
1,1,29/11/2021 20:00,Astinet_IJO
1,1,29/11/2021 21:00,Astinet_IJO
1,1,29/11/2021 22:00,Astinet_IJO
1,1,29/11/2021 23:00,Astinet_IJO
1,1,30/11/2021 00:00,Astinet_IJO
1,1,30/11/2021 01:00,Astinet_IJO
1,1,30/11/2021 02:00,Astinet_IJO
1,1,30/11/2021 03:00,Astinet_IJO
1,1,30/11/2021 04:00,Astinet_IJO
1,1,30/11/2021 05:00,Astinet_IJO
1,1,30/11/2021 06:00,Astinet_IJO
1,1,30/11/2021 07:00,Astinet_IJO
1.82,1,30/11/2021 08:00,Astinet_IJO
3.24,1.3,30/11/2021 09:00,Astinet_IJO
3.08,2.63,30/11/2021 10:00,Astinet_IJO
4.91,1.5,30/11/2021 11:00,Astinet_IJO
5.61,1.27,30/11/2021 12:00,Astinet_IJO
7.93,1,30/11/2021 13:00,Astinet_IJO
5.64,1.43,30/11/2021 14:00,Astinet_IJO
7.06,1.9,30/11/2021 15:00,Astinet_IJO
7.74,2.28,30/11/2021 16:00,Astinet_IJO
3.97,1,30/11/2021 17:00,Astinet_IJO
2.69,1,30/11/2021 18:00,Astinet_IJO
1.28,1,30/11/2021 19:00,Astinet_IJO
1.61,1,30/11/2021 20:00,Astinet_IJO
1,1,30/11/2021 21:00,Astinet_IJO
1,1,30/11/2021 22:00,Astinet_IJO
1,1,30/11/2021 23:00,Astinet_IJO
1,1,17/11/2021 07:00,Astinet_IMO
1,1,17/11/2021 08:00,Astinet_IMO
1,1,17/11/2021 09:00,Astinet_IMO
1,1,17/11/2021 10:00,Astinet_IMO
1,1,17/11/2021 11:00,Astinet_IMO
1,1,17/11/2021 12:00,Astinet_IMO
1,1,17/11/2021 13:00,Astinet_IMO
1,1,17/11/2021 14:00,Astinet_IMO
1,1,17/11/2021 15:00,Astinet_IMO
1,1,17/11/2021 16:00,Astinet_IMO
1,1,17/11/2021 17:00,Astinet_IMO
1,1,17/11/2021 18:00,Astinet_IMO
1,1,17/11/2021 19:00,Astinet_IMO
1,1,17/11/2021 20:00,Astinet_IMO
1,1,17/11/2021 21:00,Astinet_IMO
1,1,17/11/2021 22:00,Astinet_IMO
1,1,17/11/2021 23:00,Astinet_IMO
1,1,18/11/2021 00:00,Astinet_IMO
1,1,18/11/2021 01:00,Astinet_IMO
1,1,18/11/2021 02:00,Astinet_IMO
1,1,18/11/2021 03:00,Astinet_IMO
1,1,18/11/2021 04:00,Astinet_IMO
1,1,18/11/2021 05:00,Astinet_IMO
1,1,18/11/2021 06:00,Astinet_IMO
1,1,18/11/2021 07:00,Astinet_IMO
1,1,18/11/2021 08:00,Astinet_IMO
1,1,18/11/2021 09:00,Astinet_IMO
1,1,18/11/2021 10:00,Astinet_IMO
1,1,18/11/2021 11:00,Astinet_IMO
1,1,18/11/2021 12:00,Astinet_IMO
1,1,18/11/2021 13:00,Astinet_IMO
1,1,18/11/2021 14:00,Astinet_IMO
1,1,18/11/2021 15:00,Astinet_IMO
1,1,18/11/2021 16:00,Astinet_IMO
1,1,18/11/2021 17:00,Astinet_IMO
1,1,18/11/2021 18:00,Astinet_IMO
1,1,18/11/2021 19:00,Astinet_IMO
1,1,18/11/2021 20:00,Astinet_IMO
1,1,18/11/2021 21:00,Astinet_IMO
1,1,18/11/2021 22:00,Astinet_IMO
1,1,18/11/2021 23:00,Astinet_IMO
1,1,19/11/2021 00:00,Astinet_IMO
1,1,19/11/2021 01:00,Astinet_IMO
1,1,19/11/2021 02:00,Astinet_IMO
1,1,19/11/2021 03:00,Astinet_IMO
1,1,19/11/2021 04:00,Astinet_IMO
1,1,19/11/2021 05:00,Astinet_IMO
1,1,19/11/2021 06:00,Astinet_IMO
1,1,19/11/2021 07:00,Astinet_IMO
1,1,19/11/2021 08:00,Astinet_IMO
1,1,19/11/2021 09:00,Astinet_IMO
1,1,19/11/2021 10:00,Astinet_IMO
1,1,19/11/2021 11:00,Astinet_IMO
1,1,19/11/2021 12:00,Astinet_IMO
1,1,19/11/2021 13:00,Astinet_IMO
1,1.1,19/11/2021 14:00,Astinet_IMO
1.02,1.06,19/11/2021 15:00,Astinet_IMO
1.6,1.16,19/11/2021 16:00,Astinet_IMO
1,1,19/11/2021 17:00,Astinet_IMO
1,1,19/11/2021 18:00,Astinet_IMO
1,1,19/11/2021 19:00,Astinet_IMO
1,1,19/11/2021 20:00,Astinet_IMO
1,1,19/11/2021 21:00,Astinet_IMO
1,1,19/11/2021 22:00,Astinet_IMO
1,1,19/11/2021 23:00,Astinet_IMO
1,1,20/11/2021 00:00,Astinet_IMO
1,1,20/11/2021 01:00,Astinet_IMO
1,1,20/11/2021 02:00,Astinet_IMO
1,1,20/11/2021 03:00,Astinet_IMO
1,1,20/11/2021 04:00,Astinet_IMO
1,1,20/11/2021 05:00,Astinet_IMO
1,1,20/11/2021 06:00,Astinet_IMO
1,1,20/11/2021 07:00,Astinet_IMO
1,1,20/11/2021 08:00,Astinet_IMO
1,1,20/11/2021 09:00,Astinet_IMO
1,1,20/11/2021 10:00,Astinet_IMO
1,1,20/11/2021 11:00,Astinet_IMO
1,1,20/11/2021 12:00,Astinet_IMO
1,1,20/11/2021 13:00,Astinet_IMO
1,1,20/11/2021 14:00,Astinet_IMO
1,1,20/11/2021 15:00,Astinet_IMO
1,1,20/11/2021 16:00,Astinet_IMO
1,1,20/11/2021 17:00,Astinet_IMO
1,1,20/11/2021 18:00,Astinet_IMO
1,1,20/11/2021 19:00,Astinet_IMO
1,1,20/11/2021 20:00,Astinet_IMO
1,1,20/11/2021 21:00,Astinet_IMO
1,1,20/11/2021 22:00,Astinet_IMO
1,1,20/11/2021 23:00,Astinet_IMO
1,1,21/11/2021 00:00,Astinet_IMO
1,1,21/11/2021 01:00,Astinet_IMO
1,1,21/11/2021 02:00,Astinet_IMO
1,1,21/11/2021 03:00,Astinet_IMO
1,1,21/11/2021 04:00,Astinet_IMO
1,1,21/11/2021 05:00,Astinet_IMO
1,1,21/11/2021 06:00,Astinet_IMO
1,1,21/11/2021 07:00,Astinet_IMO
1,1,21/11/2021 08:00,Astinet_IMO
1.5,1,21/11/2021 09:00,Astinet_IMO
1.57,2.89,21/11/2021 10:00,Astinet_IMO
2.34,1,21/11/2021 11:00,Astinet_IMO
1.47,1,21/11/2021 12:00,Astinet_IMO
1,1,21/11/2021 13:00,Astinet_IMO
1,1,21/11/2021 14:00,Astinet_IMO
1,1,21/11/2021 15:00,Astinet_IMO
1,1,21/11/2021 16:00,Astinet_IMO
1,1,21/11/2021 17:00,Astinet_IMO
1,1,21/11/2021 18:00,Astinet_IMO
1,1,21/11/2021 19:00,Astinet_IMO
1,1,21/11/2021 20:00,Astinet_IMO
1,1,21/11/2021 21:00,Astinet_IMO
1,1,21/11/2021 22:00,Astinet_IMO
1,1,21/11/2021 23:00,Astinet_IMO
1,1,22/11/2021 00:00,Astinet_IMO
1,1,22/11/2021 01:00,Astinet_IMO
1,1,22/11/2021 02:00,Astinet_IMO
1,1,22/11/2021 03:00,Astinet_IMO
1,1,22/11/2021 04:00,Astinet_IMO
1,1,22/11/2021 05:00,Astinet_IMO
1,1,22/11/2021 06:00,Astinet_IMO
1,1,22/11/2021 07:00,Astinet_IMO
1,1,22/11/2021 08:00,Astinet_IMO
1,1.16,22/11/2021 09:00,Astinet_IMO
1,1.15,22/11/2021 10:00,Astinet_IMO
3.64,1.22,22/11/2021 11:00,Astinet_IMO
1.94,1.19,22/11/2021 12:00,Astinet_IMO
2.48,1.23,22/11/2021 13:00,Astinet_IMO
1.07,1.22,22/11/2021 14:00,Astinet_IMO
1,1,22/11/2021 15:00,Astinet_IMO
1,1.5,22/11/2021 16:00,Astinet_IMO
1,1.16,22/11/2021 17:00,Astinet_IMO
1,1,22/11/2021 18:00,Astinet_IMO
1,1,22/11/2021 19:00,Astinet_IMO
1,1,22/11/2021 20:00,Astinet_IMO
1,1,22/11/2021 21:00,Astinet_IMO
1,1,22/11/2021 22:00,Astinet_IMO
1,1,22/11/2021 23:00,Astinet_IMO
1,1,23/11/2021 00:00,Astinet_IMO
1,1,23/11/2021 01:00,Astinet_IMO
1,1,23/11/2021 02:00,Astinet_IMO
1,1,23/11/2021 03:00,Astinet_IMO
1,1,23/11/2021 04:00,Astinet_IMO
1,1,23/11/2021 05:00,Astinet_IMO
1,1,23/11/2021 06:00,Astinet_IMO
1,1,23/11/2021 07:00,Astinet_IMO
1.39,1.34,23/11/2021 08:00,Astinet_IMO
1,1.09,23/11/2021 09:00,Astinet_IMO
3.45,1.23,23/11/2021 10:00,Astinet_IMO
8.9,1.28,23/11/2021 11:00,Astinet_IMO
11.66,1.27,23/11/2021 12:00,Astinet_IMO
10.61,1.2,23/11/2021 13:00,Astinet_IMO
10.8,1.13,23/11/2021 14:00,Astinet_IMO
1,1,23/11/2021 15:00,Astinet_IMO
1,1,23/11/2021 16:00,Astinet_IMO
1,1,23/11/2021 17:00,Astinet_IMO
1,1,23/11/2021 18:00,Astinet_IMO
1,1,23/11/2021 19:00,Astinet_IMO
1,1,23/11/2021 20:00,Astinet_IMO
1,1,23/11/2021 21:00,Astinet_IMO
1,1,23/11/2021 22:00,Astinet_IMO
1,1,23/11/2021 23:00,Astinet_IMO
1,1,24/11/2021 00:00,Astinet_IMO
1,1,24/11/2021 01:00,Astinet_IMO
1,1,24/11/2021 02:00,Astinet_IMO
1,1,24/11/2021 03:00,Astinet_IMO
1,1,24/11/2021 04:00,Astinet_IMO
1,1,24/11/2021 05:00,Astinet_IMO
1,1,24/11/2021 06:00,Astinet_IMO
1,1,24/11/2021 07:00,Astinet_IMO
1,1,24/11/2021 08:00,Astinet_IMO
1,1,24/11/2021 09:00,Astinet_IMO
1.84,1,24/11/2021 10:00,Astinet_IMO
1.84,1,24/11/2021 11:00,Astinet_IMO
1,1,24/11/2021 12:00,Astinet_IMO
1,1,24/11/2021 13:00,Astinet_IMO
1,1.23,24/11/2021 14:00,Astinet_IMO
1,1.05,24/11/2021 15:00,Astinet_IMO
1,1.1,24/11/2021 16:00,Astinet_IMO
1,1,24/11/2021 17:00,Astinet_IMO
1,1,24/11/2021 18:00,Astinet_IMO
1,1,24/11/2021 19:00,Astinet_IMO
1,1,24/11/2021 20:00,Astinet_IMO
1,1,24/11/2021 21:00,Astinet_IMO
1,1,24/11/2021 22:00,Astinet_IMO
1,1,24/11/2021 23:00,Astinet_IMO
1,1,25/11/2021 00:00,Astinet_IMO
1,1,25/11/2021 01:00,Astinet_IMO
1,1,25/11/2021 02:00,Astinet_IMO
1,1,25/11/2021 03:00,Astinet_IMO
1,1,25/11/2021 04:00,Astinet_IMO
1,1,25/11/2021 05:00,Astinet_IMO
1,1,25/11/2021 06:00,Astinet_IMO
1,1,25/11/2021 07:00,Astinet_IMO
1,1,25/11/2021 08:00,Astinet_IMO
1,1,25/11/2021 09:00,Astinet_IMO
2.05,1.17,25/11/2021 10:00,Astinet_IMO
1.85,1.08,25/11/2021 11:00,Astinet_IMO
1.89,1.99,25/11/2021 12:00,Astinet_IMO
1.14,1.41,25/11/2021 13:00,Astinet_IMO
1,1,25/11/2021 14:00,Astinet_IMO
2.38,1.8,25/11/2021 15:00,Astinet_IMO
1.35,1.36,25/11/2021 16:00,Astinet_IMO
1,1.09,25/11/2021 17:00,Astinet_IMO
1,1,25/11/2021 18:00,Astinet_IMO
1,1,25/11/2021 19:00,Astinet_IMO
1,1,25/11/2021 20:00,Astinet_IMO
1,1,25/11/2021 21:00,Astinet_IMO
1,1,25/11/2021 22:00,Astinet_IMO
1,1,25/11/2021 23:00,Astinet_IMO
1,1,26/11/2021 00:00,Astinet_IMO
1,1,26/11/2021 01:00,Astinet_IMO
1,1,26/11/2021 02:00,Astinet_IMO
1,1,26/11/2021 03:00,Astinet_IMO
1,1,26/11/2021 04:00,Astinet_IMO
1,1,26/11/2021 05:00,Astinet_IMO
1,1,26/11/2021 06:00,Astinet_IMO
1,1,26/11/2021 07:00,Astinet_IMO
1,1,26/11/2021 08:00,Astinet_IMO
1,1,26/11/2021 09:00,Astinet_IMO
1,1,26/11/2021 10:00,Astinet_IMO
1.05,1,26/11/2021 11:00,Astinet_IMO
1,1,26/11/2021 12:00,Astinet_IMO
1,1,26/11/2021 13:00,Astinet_IMO
1,1,26/11/2021 14:00,Astinet_IMO
1,1,26/11/2021 15:00,Astinet_IMO
1,1,26/11/2021 16:00,Astinet_IMO
1,1,26/11/2021 17:00,Astinet_IMO
1,1,26/11/2021 18:00,Astinet_IMO
1,1,26/11/2021 19:00,Astinet_IMO
1,1,26/11/2021 20:00,Astinet_IMO
1,1,26/11/2021 21:00,Astinet_IMO
1,1,26/11/2021 22:00,Astinet_IMO
1,1,26/11/2021 23:00,Astinet_IMO
1,1,27/11/2021 00:00,Astinet_IMO
1,1,27/11/2021 01:00,Astinet_IMO
1,1,27/11/2021 02:00,Astinet_IMO
1,1,27/11/2021 03:00,Astinet_IMO
1,1,27/11/2021 04:00,Astinet_IMO
1,1,27/11/2021 05:00,Astinet_IMO
1,1,27/11/2021 06:00,Astinet_IMO
1,1,27/11/2021 07:00,Astinet_IMO
1,1,27/11/2021 08:00,Astinet_IMO
1,1,27/11/2021 09:00,Astinet_IMO
1,1,27/11/2021 10:00,Astinet_IMO
1,1,27/11/2021 11:00,Astinet_IMO
1,1,27/11/2021 12:00,Astinet_IMO
1,1,27/11/2021 13:00,Astinet_IMO
1.21,1,27/11/2021 14:00,Astinet_IMO
1.71,1,27/11/2021 15:00,Astinet_IMO
1,1,27/11/2021 16:00,Astinet_IMO
2.14,1,27/11/2021 17:00,Astinet_IMO
1,1,27/11/2021 18:00,Astinet_IMO
1,1,27/11/2021 19:00,Astinet_IMO
1,1,27/11/2021 20:00,Astinet_IMO
1,1,27/11/2021 21:00,Astinet_IMO
1,1,27/11/2021 22:00,Astinet_IMO
1,1,27/11/2021 23:00,Astinet_IMO
1,1,28/11/2021 00:00,Astinet_IMO
1,1,28/11/2021 01:00,Astinet_IMO
1,1,28/11/2021 02:00,Astinet_IMO
1,1,28/11/2021 03:00,Astinet_IMO
1,1,28/11/2021 04:00,Astinet_IMO
1,1,28/11/2021 05:00,Astinet_IMO
1,1,28/11/2021 06:00,Astinet_IMO
1,1,28/11/2021 07:00,Astinet_IMO
1,1,28/11/2021 08:00,Astinet_IMO
1,1,28/11/2021 09:00,Astinet_IMO
1,1,28/11/2021 10:00,Astinet_IMO
1,1,28/11/2021 11:00,Astinet_IMO
1,1,28/11/2021 12:00,Astinet_IMO
1,1,28/11/2021 13:00,Astinet_IMO
1,1,28/11/2021 14:00,Astinet_IMO
1,1,28/11/2021 15:00,Astinet_IMO
1,1,28/11/2021 16:00,Astinet_IMO
1,1,28/11/2021 17:00,Astinet_IMO
1,1,28/11/2021 18:00,Astinet_IMO
1,1,28/11/2021 19:00,Astinet_IMO
1,1,28/11/2021 20:00,Astinet_IMO
1,1,28/11/2021 21:00,Astinet_IMO
1,1,28/11/2021 22:00,Astinet_IMO
1,1,28/11/2021 23:00,Astinet_IMO
1,1,29/11/2021 00:00,Astinet_IMO
1,1,29/11/2021 01:00,Astinet_IMO
1,1,29/11/2021 02:00,Astinet_IMO
1,1,29/11/2021 03:00,Astinet_IMO
1,1,29/11/2021 04:00,Astinet_IMO
1,1,29/11/2021 05:00,Astinet_IMO
1,1,29/11/2021 06:00,Astinet_IMO
1,1,29/11/2021 07:00,Astinet_IMO
1,1,29/11/2021 08:00,Astinet_IMO
1,1.18,29/11/2021 09:00,Astinet_IMO
1.02,1.17,29/11/2021 10:00,Astinet_IMO
1.77,1.04,29/11/2021 11:00,Astinet_IMO
1.36,1,29/11/2021 12:00,Astinet_IMO
1,1.12,29/11/2021 13:00,Astinet_IMO
1,1.11,29/11/2021 14:00,Astinet_IMO
1,1.11,29/11/2021 15:00,Astinet_IMO
1,1.15,29/11/2021 16:00,Astinet_IMO
1,1,29/11/2021 17:00,Astinet_IMO
1,1,29/11/2021 18:00,Astinet_IMO
1,1,29/11/2021 19:00,Astinet_IMO
1,1,29/11/2021 20:00,Astinet_IMO
1,1,29/11/2021 21:00,Astinet_IMO
1,1,29/11/2021 22:00,Astinet_IMO
1,1,29/11/2021 23:00,Astinet_IMO
1,1,30/11/2021 00:00,Astinet_IMO
1,1,30/11/2021 01:00,Astinet_IMO
1,1,30/11/2021 02:00,Astinet_IMO
1,1,30/11/2021 03:00,Astinet_IMO
1,1,30/11/2021 04:00,Astinet_IMO
1,1,30/11/2021 05:00,Astinet_IMO
1,1,30/11/2021 06:00,Astinet_IMO
1,1,30/11/2021 07:00,Astinet_IMO
1,1,30/11/2021 08:00,Astinet_IMO
1,1.04,30/11/2021 09:00,Astinet_IMO
1,1,30/11/2021 10:00,Astinet_IMO
1,1,30/11/2021 11:00,Astinet_IMO
1,1.05,30/11/2021 12:00,Astinet_IMO
1,1.06,30/11/2021 13:00,Astinet_IMO
1.52,1.19,30/11/2021 14:00,Astinet_IMO
1.54,1.22,30/11/2021 15:00,Astinet_IMO
1.07,1.15,30/11/2021 16:00,Astinet_IMO
1,1,30/11/2021 17:00,Astinet_IMO
1,1,30/11/2021 18:00,Astinet_IMO
1,1,30/11/2021 19:00,Astinet_IMO
1,1,30/11/2021 20:00,Astinet_IMO
1,1,30/11/2021 21:00,Astinet_IMO
1,1,30/11/2021 22:00,Astinet_IMO
1,1,30/11/2021 23:00,Astinet_IMO
16.17,2.82,17/11/2021 07:00,Astinet_IPP
28.42,8.49,17/11/2021 08:00,Astinet_IPP
23.33,25.26,17/11/2021 09:00,Astinet_IPP
41.76,13.44,17/11/2021 10:00,Astinet_IPP
36.67,7.36,17/11/2021 11:00,Astinet_IPP
24.53,7.4,17/11/2021 12:00,Astinet_IPP
27.88,5.06,17/11/2021 13:00,Astinet_IPP
21.65,3.55,17/11/2021 14:00,Astinet_IPP
35.44,2.84,17/11/2021 15:00,Astinet_IPP
21.7,5.63,17/11/2021 16:00,Astinet_IPP
30.83,4.37,17/11/2021 17:00,Astinet_IPP
9.3,1,17/11/2021 18:00,Astinet_IPP
7,1,17/11/2021 19:00,Astinet_IPP
6.66,1.3,17/11/2021 20:00,Astinet_IPP
8.04,1.37,17/11/2021 21:00,Astinet_IPP
6.92,1,17/11/2021 22:00,Astinet_IPP
2.96,1,17/11/2021 23:00,Astinet_IPP
1.94,1,18/11/2021 00:00,Astinet_IPP
2.76,1,18/11/2021 01:00,Astinet_IPP
2.09,1,18/11/2021 02:00,Astinet_IPP
2.32,1,18/11/2021 03:00,Astinet_IPP
2.03,1,18/11/2021 04:00,Astinet_IPP
2.63,1,18/11/2021 05:00,Astinet_IPP
4.75,1,18/11/2021 06:00,Astinet_IPP
22.5,2.17,18/11/2021 07:00,Astinet_IPP
25.09,9.23,18/11/2021 08:00,Astinet_IPP
23.95,3.11,18/11/2021 09:00,Astinet_IPP
39.37,2.37,18/11/2021 10:00,Astinet_IPP
43.95,4.28,18/11/2021 11:00,Astinet_IPP
50.57,4.52,18/11/2021 12:00,Astinet_IPP
22.87,3.05,18/11/2021 13:00,Astinet_IPP
49.14,4.68,18/11/2021 14:00,Astinet_IPP
53.06,3.25,18/11/2021 15:00,Astinet_IPP
19.21,1.16,18/11/2021 16:00,Astinet_IPP
39.8,3.54,18/11/2021 17:00,Astinet_IPP
14.43,1,18/11/2021 18:00,Astinet_IPP
6.05,1,18/11/2021 19:00,Astinet_IPP
3.88,1,18/11/2021 20:00,Astinet_IPP
6.79,1,18/11/2021 21:00,Astinet_IPP
16.25,1.53,18/11/2021 22:00,Astinet_IPP
11.26,1,18/11/2021 23:00,Astinet_IPP
6.93,1,19/11/2021 00:00,Astinet_IPP
5.34,1,19/11/2021 01:00,Astinet_IPP
1.71,1,19/11/2021 02:00,Astinet_IPP
3.97,1,19/11/2021 03:00,Astinet_IPP
2.86,1,19/11/2021 04:00,Astinet_IPP
3.4,1,19/11/2021 05:00,Astinet_IPP
5.81,1,19/11/2021 06:00,Astinet_IPP
27.2,2.53,19/11/2021 07:00,Astinet_IPP
35.76,8.08,19/11/2021 08:00,Astinet_IPP
33.86,2.18,19/11/2021 09:00,Astinet_IPP
36.96,3.64,19/11/2021 10:00,Astinet_IPP
27.57,2.46,19/11/2021 11:00,Astinet_IPP
15.19,1,19/11/2021 12:00,Astinet_IPP
23.64,2.05,19/11/2021 13:00,Astinet_IPP
33.29,4.27,19/11/2021 14:00,Astinet_IPP
34.83,2.98,19/11/2021 15:00,Astinet_IPP
19.58,1.23,19/11/2021 16:00,Astinet_IPP
23.69,1,19/11/2021 17:00,Astinet_IPP
9.28,3.25,19/11/2021 18:00,Astinet_IPP
3.33,1.88,19/11/2021 19:00,Astinet_IPP
4.57,1,19/11/2021 20:00,Astinet_IPP
8,1,19/11/2021 21:00,Astinet_IPP
8.83,1,19/11/2021 22:00,Astinet_IPP
7.47,1,19/11/2021 23:00,Astinet_IPP
4.69,1,20/11/2021 00:00,Astinet_IPP
2.13,1,20/11/2021 01:00,Astinet_IPP
2.37,1,20/11/2021 02:00,Astinet_IPP
5.68,1,20/11/2021 03:00,Astinet_IPP
1.18,1,20/11/2021 04:00,Astinet_IPP
3.02,1,20/11/2021 05:00,Astinet_IPP
2.58,1,20/11/2021 06:00,Astinet_IPP
13.28,1,20/11/2021 07:00,Astinet_IPP
25.19,1.38,20/11/2021 08:00,Astinet_IPP
36.21,1.21,20/11/2021 09:00,Astinet_IPP
27.02,1.14,20/11/2021 10:00,Astinet_IPP
27.58,2.46,20/11/2021 11:00,Astinet_IPP
20.37,2.74,20/11/2021 12:00,Astinet_IPP
18.09,2.6,20/11/2021 13:00,Astinet_IPP
23.3,4.88,20/11/2021 14:00,Astinet_IPP
39.52,3.02,20/11/2021 15:00,Astinet_IPP
34.43,8.44,20/11/2021 16:00,Astinet_IPP
30.97,1.92,20/11/2021 17:00,Astinet_IPP
9.72,1,20/11/2021 18:00,Astinet_IPP
8.43,1,20/11/2021 19:00,Astinet_IPP
13.24,2.46,20/11/2021 20:00,Astinet_IPP
14.95,1,20/11/2021 21:00,Astinet_IPP
13.93,1,20/11/2021 22:00,Astinet_IPP
10.09,1,20/11/2021 23:00,Astinet_IPP
12.08,1,21/11/2021 00:00,Astinet_IPP
9.92,1,21/11/2021 01:00,Astinet_IPP
7.06,1,21/11/2021 02:00,Astinet_IPP
7.71,1,21/11/2021 03:00,Astinet_IPP
6.95,1.22,21/11/2021 04:00,Astinet_IPP
10.5,1,21/11/2021 05:00,Astinet_IPP
6.58,1,21/11/2021 06:00,Astinet_IPP
7.96,1,21/11/2021 07:00,Astinet_IPP
12.05,1,21/11/2021 08:00,Astinet_IPP
13.27,1,21/11/2021 09:00,Astinet_IPP
11.71,1,21/11/2021 10:00,Astinet_IPP
14.1,2.44,21/11/2021 11:00,Astinet_IPP
10.31,1,21/11/2021 12:00,Astinet_IPP
8.44,1.36,21/11/2021 13:00,Astinet_IPP
8.05,1,21/11/2021 14:00,Astinet_IPP
11.65,1,21/11/2021 15:00,Astinet_IPP
12,1,21/11/2021 16:00,Astinet_IPP
18.29,1,21/11/2021 17:00,Astinet_IPP
10.63,1,21/11/2021 18:00,Astinet_IPP
17.17,1.04,21/11/2021 19:00,Astinet_IPP
17.99,1.32,21/11/2021 20:00,Astinet_IPP
20.47,1,21/11/2021 21:00,Astinet_IPP
15.13,1,21/11/2021 22:00,Astinet_IPP
11.77,1,21/11/2021 23:00,Astinet_IPP
11.69,1,22/11/2021 00:00,Astinet_IPP
10.21,1,22/11/2021 01:00,Astinet_IPP
11.14,1,22/11/2021 02:00,Astinet_IPP
4.49,1,22/11/2021 03:00,Astinet_IPP
3.63,1,22/11/2021 04:00,Astinet_IPP
8.53,1,22/11/2021 05:00,Astinet_IPP
10.99,1,22/11/2021 06:00,Astinet_IPP
37.28,2.31,22/11/2021 07:00,Astinet_IPP
46.4,3.25,22/11/2021 08:00,Astinet_IPP
30.08,2.3,22/11/2021 09:00,Astinet_IPP
41.33,4.79,22/11/2021 10:00,Astinet_IPP
44.83,7.15,22/11/2021 11:00,Astinet_IPP
29.08,2.41,22/11/2021 12:00,Astinet_IPP
38.29,2.26,22/11/2021 13:00,Astinet_IPP
40.2,3.26,22/11/2021 14:00,Astinet_IPP
45.46,3.78,22/11/2021 15:00,Astinet_IPP
18.21,1.47,22/11/2021 16:00,Astinet_IPP
21.09,1.1,22/11/2021 17:00,Astinet_IPP
11.89,1,22/11/2021 18:00,Astinet_IPP
13.77,1,22/11/2021 19:00,Astinet_IPP
20.73,1.41,22/11/2021 20:00,Astinet_IPP
18.86,1.7,22/11/2021 21:00,Astinet_IPP
27.33,1.43,22/11/2021 22:00,Astinet_IPP
10.52,8.19,22/11/2021 23:00,Astinet_IPP
19.45,1,23/11/2021 00:00,Astinet_IPP
15.71,1,23/11/2021 01:00,Astinet_IPP
5.86,1,23/11/2021 02:00,Astinet_IPP
5.67,1,23/11/2021 03:00,Astinet_IPP
4.8,1,23/11/2021 04:00,Astinet_IPP
4.56,1,23/11/2021 05:00,Astinet_IPP
9.85,1,23/11/2021 06:00,Astinet_IPP
26.98,3.12,23/11/2021 07:00,Astinet_IPP
34.8,4.06,23/11/2021 08:00,Astinet_IPP
28.38,3.33,23/11/2021 09:00,Astinet_IPP
50.56,5.93,23/11/2021 10:00,Astinet_IPP
48.83,2.74,23/11/2021 11:00,Astinet_IPP
38.1,1.67,23/11/2021 12:00,Astinet_IPP
35.87,2.72,23/11/2021 13:00,Astinet_IPP
41.42,2.92,23/11/2021 14:00,Astinet_IPP
50.64,4.15,23/11/2021 15:00,Astinet_IPP
37.88,1.99,23/11/2021 16:00,Astinet_IPP
31.36,1.6,23/11/2021 17:00,Astinet_IPP
7.33,1,23/11/2021 18:00,Astinet_IPP
22.68,1,23/11/2021 19:00,Astinet_IPP
15.02,1,23/11/2021 20:00,Astinet_IPP
11.13,1,23/11/2021 21:00,Astinet_IPP
17.17,1.45,23/11/2021 22:00,Astinet_IPP
18.29,1.95,23/11/2021 23:00,Astinet_IPP
12.66,1,24/11/2021 00:00,Astinet_IPP
9.98,2.77,24/11/2021 01:00,Astinet_IPP
3.84,1,24/11/2021 02:00,Astinet_IPP
1,1,24/11/2021 03:00,Astinet_IPP
1,1,24/11/2021 04:00,Astinet_IPP
2.74,1,24/11/2021 05:00,Astinet_IPP
7.94,1,24/11/2021 06:00,Astinet_IPP
24.6,3.33,24/11/2021 07:00,Astinet_IPP
30.66,10.4,24/11/2021 08:00,Astinet_IPP
29.62,2.19,24/11/2021 09:00,Astinet_IPP
48.85,3.44,24/11/2021 10:00,Astinet_IPP
28.66,2.24,24/11/2021 11:00,Astinet_IPP
31.22,1.58,24/11/2021 12:00,Astinet_IPP
36.69,2.44,24/11/2021 13:00,Astinet_IPP
37.55,3.01,24/11/2021 14:00,Astinet_IPP
43.62,5.13,24/11/2021 15:00,Astinet_IPP
26.79,1.37,24/11/2021 16:00,Astinet_IPP
27.52,1.64,24/11/2021 17:00,Astinet_IPP
9.74,4.52,24/11/2021 18:00,Astinet_IPP
13.58,1,24/11/2021 19:00,Astinet_IPP
18.69,1,24/11/2021 20:00,Astinet_IPP
17.59,2.06,24/11/2021 21:00,Astinet_IPP
14.68,1.95,24/11/2021 22:00,Astinet_IPP
11.7,1,24/11/2021 23:00,Astinet_IPP
8.76,1,25/11/2021 00:00,Astinet_IPP
9.63,1,25/11/2021 01:00,Astinet_IPP
8.71,1,25/11/2021 02:00,Astinet_IPP
7.36,1,25/11/2021 03:00,Astinet_IPP
4.38,1,25/11/2021 04:00,Astinet_IPP
4.88,1,25/11/2021 05:00,Astinet_IPP
6.69,1,25/11/2021 06:00,Astinet_IPP
39.14,6.09,25/11/2021 07:00,Astinet_IPP
31.03,2.02,25/11/2021 08:00,Astinet_IPP
28.07,2.26,25/11/2021 09:00,Astinet_IPP
39.32,5.6,25/11/2021 10:00,Astinet_IPP
37.36,3.29,25/11/2021 11:00,Astinet_IPP
40.27,2.29,25/11/2021 12:00,Astinet_IPP
35.69,7.12,25/11/2021 13:00,Astinet_IPP
31.67,27.53,25/11/2021 14:00,Astinet_IPP
42.79,2.17,25/11/2021 15:00,Astinet_IPP
34.31,3.97,25/11/2021 16:00,Astinet_IPP
44.75,4.51,25/11/2021 17:00,Astinet_IPP
26.6,2.13,25/11/2021 18:00,Astinet_IPP
16.02,1,25/11/2021 19:00,Astinet_IPP
13.96,1.09,25/11/2021 20:00,Astinet_IPP
15.89,1,25/11/2021 21:00,Astinet_IPP
18.36,1.44,25/11/2021 22:00,Astinet_IPP
17.1,1.6,25/11/2021 23:00,Astinet_IPP
11.81,1,26/11/2021 00:00,Astinet_IPP
9.79,1,26/11/2021 01:00,Astinet_IPP
8.73,1,26/11/2021 02:00,Astinet_IPP
5.22,1,26/11/2021 03:00,Astinet_IPP
1.82,1,26/11/2021 04:00,Astinet_IPP
3.89,1,26/11/2021 05:00,Astinet_IPP
6.46,1,26/11/2021 06:00,Astinet_IPP
20.93,2.33,26/11/2021 07:00,Astinet_IPP
30.85,2.26,26/11/2021 08:00,Astinet_IPP
37.41,1.96,26/11/2021 09:00,Astinet_IPP
42.18,3.14,26/11/2021 10:00,Astinet_IPP
26.24,6.27,26/11/2021 11:00,Astinet_IPP
17.7,2.35,26/11/2021 12:00,Astinet_IPP
42.82,6.64,26/11/2021 13:00,Astinet_IPP
37.46,3.14,26/11/2021 14:00,Astinet_IPP
32.25,2.69,26/11/2021 15:00,Astinet_IPP
18.17,1.4,26/11/2021 16:00,Astinet_IPP
30.33,1.44,26/11/2021 17:00,Astinet_IPP
13.04,1,26/11/2021 18:00,Astinet_IPP
5.1,1,26/11/2021 19:00,Astinet_IPP
9.41,1,26/11/2021 20:00,Astinet_IPP
10.6,1,26/11/2021 21:00,Astinet_IPP
12.66,1,26/11/2021 22:00,Astinet_IPP
11.32,1,26/11/2021 23:00,Astinet_IPP
8.39,1,27/11/2021 00:00,Astinet_IPP
1,1,27/11/2021 01:00,Astinet_IPP
1.27,1,27/11/2021 02:00,Astinet_IPP
1,1,27/11/2021 03:00,Astinet_IPP
1,1,27/11/2021 04:00,Astinet_IPP
2.74,1,27/11/2021 05:00,Astinet_IPP
4.03,1,27/11/2021 06:00,Astinet_IPP
13.05,1,27/11/2021 07:00,Astinet_IPP
26.03,1.65,27/11/2021 08:00,Astinet_IPP
21.91,1,27/11/2021 09:00,Astinet_IPP
33.85,1.36,27/11/2021 10:00,Astinet_IPP
33.61,1.12,27/11/2021 11:00,Astinet_IPP
26.2,1.19,27/11/2021 12:00,Astinet_IPP
17.81,1,27/11/2021 13:00,Astinet_IPP
14.57,1,27/11/2021 14:00,Astinet_IPP
23.24,1.68,27/11/2021 15:00,Astinet_IPP
25.35,1.22,27/11/2021 16:00,Astinet_IPP
32.25,1.55,27/11/2021 17:00,Astinet_IPP
6.2,1,27/11/2021 18:00,Astinet_IPP
12.25,1,27/11/2021 19:00,Astinet_IPP
14.49,2.4,27/11/2021 20:00,Astinet_IPP
16.8,1,27/11/2021 21:00,Astinet_IPP
16.03,1,27/11/2021 22:00,Astinet_IPP
17.09,1.02,27/11/2021 23:00,Astinet_IPP
9.17,1.08,28/11/2021 00:00,Astinet_IPP
4.09,1.06,28/11/2021 01:00,Astinet_IPP
7.19,1.28,28/11/2021 02:00,Astinet_IPP
1.75,1,28/11/2021 03:00,Astinet_IPP
3.41,1,28/11/2021 04:00,Astinet_IPP
3.36,1,28/11/2021 05:00,Astinet_IPP
1.48,1,28/11/2021 06:00,Astinet_IPP
1.32,1,28/11/2021 07:00,Astinet_IPP
2.22,1,28/11/2021 08:00,Astinet_IPP
7.06,1,28/11/2021 09:00,Astinet_IPP
2.57,1,28/11/2021 10:00,Astinet_IPP
6.54,1,28/11/2021 11:00,Astinet_IPP
3.41,1,28/11/2021 12:00,Astinet_IPP
10.02,1,28/11/2021 13:00,Astinet_IPP
4.93,1,28/11/2021 14:00,Astinet_IPP
2.83,1,28/11/2021 15:00,Astinet_IPP
3.94,1,28/11/2021 16:00,Astinet_IPP
3.83,1,28/11/2021 17:00,Astinet_IPP
6.57,1,28/11/2021 18:00,Astinet_IPP
4.89,1,28/11/2021 19:00,Astinet_IPP
5.07,1,28/11/2021 20:00,Astinet_IPP
6.96,1,28/11/2021 21:00,Astinet_IPP
7.28,1,28/11/2021 22:00,Astinet_IPP
7.33,1,28/11/2021 23:00,Astinet_IPP
7.06,1.13,29/11/2021 00:00,Astinet_IPP
9.05,1,29/11/2021 01:00,Astinet_IPP
6.59,1,29/11/2021 02:00,Astinet_IPP
2.71,1,29/11/2021 03:00,Astinet_IPP
1,1,29/11/2021 04:00,Astinet_IPP
1.33,1,29/11/2021 05:00,Astinet_IPP
1,1,29/11/2021 06:00,Astinet_IPP
26.12,2.91,29/11/2021 07:00,Astinet_IPP
23.04,1.59,29/11/2021 08:00,Astinet_IPP
23.83,2.55,29/11/2021 09:00,Astinet_IPP
45.62,3.46,29/11/2021 10:00,Astinet_IPP
28.28,19.17,29/11/2021 11:00,Astinet_IPP
21.89,10.18,29/11/2021 12:00,Astinet_IPP
34.49,4.7,29/11/2021 13:00,Astinet_IPP
33.33,4.81,29/11/2021 14:00,Astinet_IPP
40.1,5.55,29/11/2021 15:00,Astinet_IPP
26.67,1.46,29/11/2021 16:00,Astinet_IPP
32.47,1.82,29/11/2021 17:00,Astinet_IPP
12.62,1,29/11/2021 18:00,Astinet_IPP
12.82,1,29/11/2021 19:00,Astinet_IPP
11.7,1,29/11/2021 20:00,Astinet_IPP
14.01,1.64,29/11/2021 21:00,Astinet_IPP
16.28,2.1,29/11/2021 22:00,Astinet_IPP
13,1,29/11/2021 23:00,Astinet_IPP
8.09,1.68,30/11/2021 00:00,Astinet_IPP
6.1,1,30/11/2021 01:00,Astinet_IPP
3.33,1,30/11/2021 02:00,Astinet_IPP
3.09,1,30/11/2021 03:00,Astinet_IPP
3.31,1,30/11/2021 04:00,Astinet_IPP
11.34,1,30/11/2021 05:00,Astinet_IPP
6.95,1.7,30/11/2021 06:00,Astinet_IPP
19.48,2.91,30/11/2021 07:00,Astinet_IPP
28.35,4.4,30/11/2021 08:00,Astinet_IPP
28.66,2.18,30/11/2021 09:00,Astinet_IPP
41.03,2.34,30/11/2021 10:00,Astinet_IPP
46.99,2.15,30/11/2021 11:00,Astinet_IPP
37.39,1.75,30/11/2021 12:00,Astinet_IPP
24.81,11.84,30/11/2021 13:00,Astinet_IPP
33.87,29.85,30/11/2021 14:00,Astinet_IPP
20.37,20.12,30/11/2021 15:00,Astinet_IPP
28.43,2.37,30/11/2021 16:00,Astinet_IPP
27.47,4.59,30/11/2021 17:00,Astinet_IPP
13.32,1,30/11/2021 18:00,Astinet_IPP
8.11,1,30/11/2021 19:00,Astinet_IPP
11.55,1.25,30/11/2021 20:00,Astinet_IPP
12.41,4.12,30/11/2021 21:00,Astinet_IPP
11.98,1.15,30/11/2021 22:00,Astinet_IPP
18.72,1,30/11/2021 23:00,Astinet_IPP
2.86,1,17/11/2021 07:00,Astinet_TG
6.07,1,17/11/2021 08:00,Astinet_TG
3.3,1,17/11/2021 09:00,Astinet_TG
4.59,1,17/11/2021 10:00,Astinet_TG
4.75,1,17/11/2021 11:00,Astinet_TG
3.56,1,17/11/2021 12:00,Astinet_TG
10.66,1,17/11/2021 13:00,Astinet_TG
3.84,1.08,17/11/2021 14:00,Astinet_TG
8.46,1,17/11/2021 15:00,Astinet_TG
2.61,1,17/11/2021 16:00,Astinet_TG
1.63,1,17/11/2021 17:00,Astinet_TG
1,1,17/11/2021 18:00,Astinet_TG
1,1,17/11/2021 19:00,Astinet_TG
1,1,17/11/2021 20:00,Astinet_TG
1,1,17/11/2021 21:00,Astinet_TG
1.05,1,17/11/2021 22:00,Astinet_TG
1.53,1,17/11/2021 23:00,Astinet_TG
1,1,18/11/2021 00:00,Astinet_TG
1,1,18/11/2021 01:00,Astinet_TG
1,1,18/11/2021 02:00,Astinet_TG
1,1,18/11/2021 03:00,Astinet_TG
1,1,18/11/2021 04:00,Astinet_TG
1,1,18/11/2021 05:00,Astinet_TG
1.22,1,18/11/2021 06:00,Astinet_TG
4.83,1,18/11/2021 07:00,Astinet_TG
6.74,1,18/11/2021 08:00,Astinet_TG
6.86,1.07,18/11/2021 09:00,Astinet_TG
6.72,1,18/11/2021 10:00,Astinet_TG
7.38,2.15,18/11/2021 11:00,Astinet_TG
3.82,1,18/11/2021 12:00,Astinet_TG
6.21,1,18/11/2021 13:00,Astinet_TG
6.89,1.78,18/11/2021 14:00,Astinet_TG
5.88,1.03,18/11/2021 15:00,Astinet_TG
3.11,1,18/11/2021 16:00,Astinet_TG
4.47,1,18/11/2021 17:00,Astinet_TG
1,1,18/11/2021 18:00,Astinet_TG
1,1,18/11/2021 19:00,Astinet_TG
1.29,1,18/11/2021 20:00,Astinet_TG
1,1,18/11/2021 21:00,Astinet_TG
1,1,18/11/2021 22:00,Astinet_TG
1,1,18/11/2021 23:00,Astinet_TG
1.39,1,19/11/2021 00:00,Astinet_TG
1,1,19/11/2021 01:00,Astinet_TG
1,1,19/11/2021 02:00,Astinet_TG
1,1,19/11/2021 03:00,Astinet_TG
1,1,19/11/2021 04:00,Astinet_TG
1,1,19/11/2021 05:00,Astinet_TG
1,1,19/11/2021 06:00,Astinet_TG
3.81,1,19/11/2021 07:00,Astinet_TG
7.07,1.07,19/11/2021 08:00,Astinet_TG
4.91,1,19/11/2021 09:00,Astinet_TG
9.91,1.43,19/11/2021 10:00,Astinet_TG
7.16,3.06,19/11/2021 11:00,Astinet_TG
2.59,1,19/11/2021 12:00,Astinet_TG
4.42,1,19/11/2021 13:00,Astinet_TG
4.94,1.17,19/11/2021 14:00,Astinet_TG
6.63,1.28,19/11/2021 15:00,Astinet_TG
4.03,1,19/11/2021 16:00,Astinet_TG
2.55,1,19/11/2021 17:00,Astinet_TG
1.12,1.1,19/11/2021 18:00,Astinet_TG
1.28,1,19/11/2021 19:00,Astinet_TG
1.77,1,19/11/2021 20:00,Astinet_TG
1.24,1,19/11/2021 21:00,Astinet_TG
1,1,19/11/2021 22:00,Astinet_TG
1,1,19/11/2021 23:00,Astinet_TG
1,1,20/11/2021 00:00,Astinet_TG
1,1,20/11/2021 01:00,Astinet_TG
1,1,20/11/2021 02:00,Astinet_TG
1.11,1,20/11/2021 03:00,Astinet_TG
1,1,20/11/2021 04:00,Astinet_TG
1,1,20/11/2021 05:00,Astinet_TG
1,1,20/11/2021 06:00,Astinet_TG
1,1,20/11/2021 07:00,Astinet_TG
3.3,1,20/11/2021 08:00,Astinet_TG
1.73,1,20/11/2021 09:00,Astinet_TG
1.79,1,20/11/2021 10:00,Astinet_TG
3.5,1,20/11/2021 11:00,Astinet_TG
1,1,20/11/2021 12:00,Astinet_TG
1.08,1,20/11/2021 13:00,Astinet_TG
5.08,4.41,20/11/2021 14:00,Astinet_TG
2.14,1,20/11/2021 15:00,Astinet_TG
2.46,1,20/11/2021 16:00,Astinet_TG
2.21,1,20/11/2021 17:00,Astinet_TG
1.86,1.62,20/11/2021 18:00,Astinet_TG
3.11,1,20/11/2021 19:00,Astinet_TG
2.14,1,20/11/2021 20:00,Astinet_TG
1.31,1,20/11/2021 21:00,Astinet_TG
2.22,1,20/11/2021 22:00,Astinet_TG
1.72,1,20/11/2021 23:00,Astinet_TG
1,1,21/11/2021 00:00,Astinet_TG
1,1,21/11/2021 01:00,Astinet_TG
1,1,21/11/2021 02:00,Astinet_TG
1,1,21/11/2021 03:00,Astinet_TG
1,1,21/11/2021 04:00,Astinet_TG
1,1,21/11/2021 05:00,Astinet_TG
1.14,1,21/11/2021 06:00,Astinet_TG
1.33,1,21/11/2021 07:00,Astinet_TG
1.2,1,21/11/2021 08:00,Astinet_TG
1,1,21/11/2021 09:00,Astinet_TG
1.43,1,21/11/2021 10:00,Astinet_TG
1.66,1,21/11/2021 11:00,Astinet_TG
1.72,1,21/11/2021 12:00,Astinet_TG
1.7,1,21/11/2021 13:00,Astinet_TG
1.41,1,21/11/2021 14:00,Astinet_TG
1,1,21/11/2021 15:00,Astinet_TG
2.04,1,21/11/2021 16:00,Astinet_TG
2.28,1,21/11/2021 17:00,Astinet_TG
1.5,1,21/11/2021 18:00,Astinet_TG
1.37,1,21/11/2021 19:00,Astinet_TG
1.1,1,21/11/2021 20:00,Astinet_TG
1.83,1,21/11/2021 21:00,Astinet_TG
2.78,1,21/11/2021 22:00,Astinet_TG
1.73,1,21/11/2021 23:00,Astinet_TG
1,1,22/11/2021 00:00,Astinet_TG
1.12,1,22/11/2021 01:00,Astinet_TG
1,1,22/11/2021 02:00,Astinet_TG
1,1,22/11/2021 03:00,Astinet_TG
1,1,22/11/2021 04:00,Astinet_TG
1,1,22/11/2021 05:00,Astinet_TG
1,1,22/11/2021 06:00,Astinet_TG
8.29,1,22/11/2021 07:00,Astinet_TG
7.5,3.68,22/11/2021 08:00,Astinet_TG
2.55,1,22/11/2021 09:00,Astinet_TG
6.04,1,22/11/2021 10:00,Astinet_TG
7.02,1,22/11/2021 11:00,Astinet_TG
2.66,1,22/11/2021 12:00,Astinet_TG
7.21,1,22/11/2021 13:00,Astinet_TG
12.48,1,22/11/2021 14:00,Astinet_TG
5.18,1,22/11/2021 15:00,Astinet_TG
2.91,1,22/11/2021 16:00,Astinet_TG
1.31,1,22/11/2021 17:00,Astinet_TG
1.19,1,22/11/2021 18:00,Astinet_TG
1.45,1,22/11/2021 19:00,Astinet_TG
1.87,1,22/11/2021 20:00,Astinet_TG
1,1,22/11/2021 21:00,Astinet_TG
1,1,22/11/2021 22:00,Astinet_TG
1.1,1,22/11/2021 23:00,Astinet_TG
1,1,23/11/2021 00:00,Astinet_TG
1,1,23/11/2021 01:00,Astinet_TG
1,1,23/11/2021 02:00,Astinet_TG
1,1,23/11/2021 03:00,Astinet_TG
1,1,23/11/2021 04:00,Astinet_TG
1,1,23/11/2021 05:00,Astinet_TG
1.18,1,23/11/2021 06:00,Astinet_TG
5.03,1,23/11/2021 07:00,Astinet_TG
9.74,3.58,23/11/2021 08:00,Astinet_TG
4.61,1,23/11/2021 09:00,Astinet_TG
6.24,1,23/11/2021 10:00,Astinet_TG
6.66,1.03,23/11/2021 11:00,Astinet_TG
5.43,1,23/11/2021 12:00,Astinet_TG
8,1,23/11/2021 13:00,Astinet_TG
6.51,1,23/11/2021 14:00,Astinet_TG
7.53,1.2,23/11/2021 15:00,Astinet_TG
3.71,1,23/11/2021 16:00,Astinet_TG
2.62,1,23/11/2021 17:00,Astinet_TG
1,1,23/11/2021 18:00,Astinet_TG
1,1,23/11/2021 19:00,Astinet_TG
1,1,23/11/2021 20:00,Astinet_TG
1,1,23/11/2021 21:00,Astinet_TG
1,1,23/11/2021 22:00,Astinet_TG
1,1,23/11/2021 23:00,Astinet_TG
1,1,24/11/2021 00:00,Astinet_TG
1,1,24/11/2021 01:00,Astinet_TG
1,1,24/11/2021 02:00,Astinet_TG
1,1,24/11/2021 03:00,Astinet_TG
1,1,24/11/2021 04:00,Astinet_TG
1,1,24/11/2021 05:00,Astinet_TG
1,1,24/11/2021 06:00,Astinet_TG
2.84,1,24/11/2021 07:00,Astinet_TG
10.14,1,24/11/2021 08:00,Astinet_TG
4.32,1,24/11/2021 09:00,Astinet_TG
5.75,1,24/11/2021 10:00,Astinet_TG
5.95,1,24/11/2021 11:00,Astinet_TG
4.68,1,24/11/2021 12:00,Astinet_TG
3.46,1,24/11/2021 13:00,Astinet_TG
5.02,1,24/11/2021 14:00,Astinet_TG
4.2,1,24/11/2021 15:00,Astinet_TG
3.75,1,24/11/2021 16:00,Astinet_TG
1.06,1,24/11/2021 17:00,Astinet_TG
1.32,1,24/11/2021 18:00,Astinet_TG
1.19,1,24/11/2021 19:00,Astinet_TG
1,1,24/11/2021 20:00,Astinet_TG
1.43,1,24/11/2021 21:00,Astinet_TG
2.93,1,24/11/2021 22:00,Astinet_TG
2.47,1,24/11/2021 23:00,Astinet_TG
1,1,25/11/2021 00:00,Astinet_TG
1,1,25/11/2021 01:00,Astinet_TG
1,1,25/11/2021 02:00,Astinet_TG
1,1,25/11/2021 03:00,Astinet_TG
1,1,25/11/2021 04:00,Astinet_TG
1,1,25/11/2021 05:00,Astinet_TG
1,1,25/11/2021 06:00,Astinet_TG
2.98,1.89,25/11/2021 07:00,Astinet_TG
5.61,1,25/11/2021 08:00,Astinet_TG
5.18,1,25/11/2021 09:00,Astinet_TG
3.65,1,25/11/2021 10:00,Astinet_TG
6.68,1,25/11/2021 11:00,Astinet_TG
5.99,1,25/11/2021 12:00,Astinet_TG
7.26,1,25/11/2021 13:00,Astinet_TG
14.46,1,25/11/2021 14:00,Astinet_TG
11.74,1,25/11/2021 15:00,Astinet_TG
3.72,1,25/11/2021 16:00,Astinet_TG
2.52,1,25/11/2021 17:00,Astinet_TG
2.29,1,25/11/2021 18:00,Astinet_TG
2.34,1,25/11/2021 19:00,Astinet_TG
2.13,1,25/11/2021 20:00,Astinet_TG
1.26,1,25/11/2021 21:00,Astinet_TG
1,1,25/11/2021 22:00,Astinet_TG
1.18,1,25/11/2021 23:00,Astinet_TG
1,1,26/11/2021 00:00,Astinet_TG
2.2,1,26/11/2021 01:00,Astinet_TG
1.94,1,26/11/2021 02:00,Astinet_TG
3.19,1,26/11/2021 03:00,Astinet_TG
1,1,26/11/2021 04:00,Astinet_TG
1,1,26/11/2021 05:00,Astinet_TG
1,1,26/11/2021 06:00,Astinet_TG
2.51,1,26/11/2021 07:00,Astinet_TG
4.88,1,26/11/2021 08:00,Astinet_TG
3.46,1,26/11/2021 09:00,Astinet_TG
4.61,1,26/11/2021 10:00,Astinet_TG
2.78,1,26/11/2021 11:00,Astinet_TG
1.11,1,26/11/2021 12:00,Astinet_TG
3.36,1,26/11/2021 13:00,Astinet_TG
10.45,1,26/11/2021 14:00,Astinet_TG
7.06,1.08,26/11/2021 15:00,Astinet_TG
4.51,1.06,26/11/2021 16:00,Astinet_TG
3.33,1,26/11/2021 17:00,Astinet_TG
1.49,1.36,26/11/2021 18:00,Astinet_TG
1.84,1.39,26/11/2021 19:00,Astinet_TG
1.08,1,26/11/2021 20:00,Astinet_TG
1,1,26/11/2021 21:00,Astinet_TG
1.44,1,26/11/2021 22:00,Astinet_TG
1,1,26/11/2021 23:00,Astinet_TG
1,1,27/11/2021 00:00,Astinet_TG
1,1,27/11/2021 01:00,Astinet_TG
1,1,27/11/2021 02:00,Astinet_TG
1,1,27/11/2021 03:00,Astinet_TG
1,1,27/11/2021 04:00,Astinet_TG
1,1,27/11/2021 05:00,Astinet_TG
1,1,27/11/2021 06:00,Astinet_TG
2.97,1.03,27/11/2021 07:00,Astinet_TG
4.6,1,27/11/2021 08:00,Astinet_TG
7.15,1,27/11/2021 09:00,Astinet_TG
12.72,1,27/11/2021 10:00,Astinet_TG
9.21,1,27/11/2021 11:00,Astinet_TG
3.85,1,27/11/2021 12:00,Astinet_TG
2.88,1,27/11/2021 13:00,Astinet_TG
4.26,1,27/11/2021 14:00,Astinet_TG
5.34,1,27/11/2021 15:00,Astinet_TG
2.37,1,27/11/2021 16:00,Astinet_TG
1.61,1,27/11/2021 17:00,Astinet_TG
1.88,1,27/11/2021 18:00,Astinet_TG
1.27,1,27/11/2021 19:00,Astinet_TG
0.3,1,27/11/2021 20:00,Astinet_TG
0.3,1,27/11/2021 21:00,Astinet_TG
0.3,1,27/11/2021 22:00,Astinet_TG
0.61,1,27/11/2021 23:00,Astinet_TG
0.99,1,28/11/2021 00:00,Astinet_TG
0.31,1,28/11/2021 01:00,Astinet_TG
0.22,1,28/11/2021 02:00,Astinet_TG
0.15,1,28/11/2021 03:00,Astinet_TG
0.35,1,28/11/2021 04:00,Astinet_TG
0.23,1,28/11/2021 05:00,Astinet_TG
1.11,1,28/11/2021 06:00,Astinet_TG
1,1,28/11/2021 07:00,Astinet_TG
1,1,28/11/2021 08:00,Astinet_TG
1,1,28/11/2021 09:00,Astinet_TG
1,2.78,28/11/2021 10:00,Astinet_TG
1,1,28/11/2021 11:00,Astinet_TG
2.65,1,28/11/2021 12:00,Astinet_TG
1.84,1,28/11/2021 13:00,Astinet_TG
1.04,1,28/11/2021 14:00,Astinet_TG
1,1,28/11/2021 15:00,Astinet_TG
0.35,1,28/11/2021 16:00,Astinet_TG
0.14,1,28/11/2021 17:00,Astinet_TG
0.21,1,28/11/2021 18:00,Astinet_TG
0.23,1,28/11/2021 19:00,Astinet_TG
0.39,1,28/11/2021 20:00,Astinet_TG
0.29,1,28/11/2021 21:00,Astinet_TG
0.84,1,28/11/2021 22:00,Astinet_TG
0.13,1,28/11/2021 23:00,Astinet_TG
0.24,1,29/11/2021 00:00,Astinet_TG
0.13,1,29/11/2021 01:00,Astinet_TG
0.14,1,29/11/2021 02:00,Astinet_TG
0.13,1,29/11/2021 03:00,Astinet_TG
0.18,1,29/11/2021 04:00,Astinet_TG
0.33,1,29/11/2021 05:00,Astinet_TG
0.76,1,29/11/2021 06:00,Astinet_TG
4.22,1,29/11/2021 07:00,Astinet_TG
5.01,1,29/11/2021 08:00,Astinet_TG
4.38,1,29/11/2021 09:00,Astinet_TG
6.59,1,29/11/2021 10:00,Astinet_TG
3.55,1,29/11/2021 11:00,Astinet_TG
4.72,1,29/11/2021 12:00,Astinet_TG
6.39,1,29/11/2021 13:00,Astinet_TG
6.89,1,29/11/2021 14:00,Astinet_TG
4.93,1,29/11/2021 15:00,Astinet_TG
1.65,1,29/11/2021 16:00,Astinet_TG
1.3,1,29/11/2021 17:00,Astinet_TG
1.14,1,29/11/2021 18:00,Astinet_TG
0.78,1,29/11/2021 19:00,Astinet_TG
1.03,1,29/11/2021 20:00,Astinet_TG
0.27,1,29/11/2021 21:00,Astinet_TG
1.21,1,29/11/2021 22:00,Astinet_TG
1.84,1,29/11/2021 23:00,Astinet_TG
0.5,1,30/11/2021 00:00,Astinet_TG
0.6,1,30/11/2021 01:00,Astinet_TG
0.99,1,30/11/2021 02:00,Astinet_TG
0.23,1,30/11/2021 03:00,Astinet_TG
0.8,1,30/11/2021 04:00,Astinet_TG
0.4,1,30/11/2021 05:00,Astinet_TG
0.43,1,30/11/2021 06:00,Astinet_TG
3.64,1,30/11/2021 07:00,Astinet_TG
3.76,1,30/11/2021 08:00,Astinet_TG
3.45,1,30/11/2021 09:00,Astinet_TG
5.64,1,30/11/2021 10:00,Astinet_TG
5.99,1.45,30/11/2021 11:00,Astinet_TG
3.37,1,30/11/2021 12:00,Astinet_TG
3.91,1,30/11/2021 13:00,Astinet_TG
3.96,1,30/11/2021 14:00,Astinet_TG
7.26,1,30/11/2021 15:00,Astinet_TG
3.08,1,30/11/2021 16:00,Astinet_TG
4.23,1,30/11/2021 17:00,Astinet_TG
5.51,1,30/11/2021 18:00,Astinet_TG
1.66,1,30/11/2021 19:00,Astinet_TG
2.08,1,30/11/2021 20:00,Astinet_TG
1.08,1,30/11/2021 21:00,Astinet_TG
1.18,2.12,30/11/2021 22:00,Astinet_TG
1.09,1,30/11/2021 23:00,Astinet_TG
23.58,2.4,17/11/2021 07:00,Astinet_ISP
69.53,10.38,17/11/2021 08:00,Astinet_ISP
90,13.49,17/11/2021 09:00,Astinet_ISP
77.53,14.4,17/11/2021 10:00,Astinet_ISP
90.88,11.05,17/11/2021 11:00,Astinet_ISP
61.34,4.71,17/11/2021 12:00,Astinet_ISP
79.64,8.09,17/11/2021 13:00,Astinet_ISP
75.4,8.14,17/11/2021 14:00,Astinet_ISP
97.13,8.68,17/11/2021 15:00,Astinet_ISP
48.11,6.41,17/11/2021 16:00,Astinet_ISP
33.04,3.48,17/11/2021 17:00,Astinet_ISP
11.58,1,17/11/2021 18:00,Astinet_ISP
15.93,1.22,17/11/2021 19:00,Astinet_ISP
21.52,1.84,17/11/2021 20:00,Astinet_ISP
12.02,1,17/11/2021 21:00,Astinet_ISP
13.95,1.05,17/11/2021 22:00,Astinet_ISP
9.33,1,17/11/2021 23:00,Astinet_ISP
6.37,1,18/11/2021 00:00,Astinet_ISP
5.56,1,18/11/2021 01:00,Astinet_ISP
8.42,1,18/11/2021 02:00,Astinet_ISP
2.64,1,18/11/2021 03:00,Astinet_ISP
5.44,1,18/11/2021 04:00,Astinet_ISP
3.42,1,18/11/2021 05:00,Astinet_ISP
8.61,1,18/11/2021 06:00,Astinet_ISP
26.86,2.09,18/11/2021 07:00,Astinet_ISP
53.6,16.06,18/11/2021 08:00,Astinet_ISP
64.19,15.26,18/11/2021 09:00,Astinet_ISP
66.49,15.69,18/11/2021 10:00,Astinet_ISP
52.47,7.83,18/11/2021 11:00,Astinet_ISP
44.94,4.15,18/11/2021 12:00,Astinet_ISP
64.01,8.01,18/11/2021 13:00,Astinet_ISP
61.15,13.48,18/11/2021 14:00,Astinet_ISP
44.52,8.59,18/11/2021 15:00,Astinet_ISP
49.36,6.3,18/11/2021 16:00,Astinet_ISP
35.32,6.26,18/11/2021 17:00,Astinet_ISP
12.71,6.51,18/11/2021 18:00,Astinet_ISP
16.96,6.41,18/11/2021 19:00,Astinet_ISP
22.14,6.81,18/11/2021 20:00,Astinet_ISP
25.37,7.12,18/11/2021 21:00,Astinet_ISP
17.26,2.02,18/11/2021 22:00,Astinet_ISP
9.66,1.78,18/11/2021 23:00,Astinet_ISP
7.84,1.41,19/11/2021 00:00,Astinet_ISP
5.27,1,19/11/2021 01:00,Astinet_ISP
8.15,1,19/11/2021 02:00,Astinet_ISP
2.24,1,19/11/2021 03:00,Astinet_ISP
0.54,1,19/11/2021 04:00,Astinet_ISP
4.15,1,19/11/2021 05:00,Astinet_ISP
9.07,1.37,19/11/2021 06:00,Astinet_ISP
36.43,2.98,19/11/2021 07:00,Astinet_ISP
61.43,8.56,19/11/2021 08:00,Astinet_ISP
52.75,21.67,19/11/2021 09:00,Astinet_ISP
76.88,18.6,19/11/2021 10:00,Astinet_ISP
70.16,18.83,19/11/2021 11:00,Astinet_ISP
43.38,14.64,19/11/2021 12:00,Astinet_ISP
67.55,15.68,19/11/2021 13:00,Astinet_ISP
85.91,13.61,19/11/2021 14:00,Astinet_ISP
70.64,9.97,19/11/2021 15:00,Astinet_ISP
52.94,9.88,19/11/2021 16:00,Astinet_ISP
23.92,6.22,19/11/2021 17:00,Astinet_ISP
15.84,2.32,19/11/2021 18:00,Astinet_ISP
13.77,1,19/11/2021 19:00,Astinet_ISP
16.73,1.59,19/11/2021 20:00,Astinet_ISP
20.71,3.39,19/11/2021 21:00,Astinet_ISP
18.93,2.22,19/11/2021 22:00,Astinet_ISP
13.53,1,19/11/2021 23:00,Astinet_ISP
7.81,1,20/11/2021 00:00,Astinet_ISP
1.32,1,20/11/2021 01:00,Astinet_ISP
4.44,1,20/11/2021 02:00,Astinet_ISP
1.64,1,20/11/2021 03:00,Astinet_ISP
1.7,1,20/11/2021 04:00,Astinet_ISP
3.55,1,20/11/2021 05:00,Astinet_ISP
6.46,1,20/11/2021 06:00,Astinet_ISP
11.9,1.14,20/11/2021 07:00,Astinet_ISP
13.94,1,20/11/2021 08:00,Astinet_ISP
22.64,3.34,20/11/2021 09:00,Astinet_ISP
20.82,3.14,20/11/2021 10:00,Astinet_ISP
20.58,1.69,20/11/2021 11:00,Astinet_ISP
8.52,2.42,20/11/2021 12:00,Astinet_ISP
14.75,7.24,20/11/2021 13:00,Astinet_ISP
11.92,7.25,20/11/2021 14:00,Astinet_ISP
11.06,8.1,20/11/2021 15:00,Astinet_ISP
7.67,6.45,20/11/2021 16:00,Astinet_ISP
11.18,4.45,20/11/2021 17:00,Astinet_ISP
10.19,1.14,20/11/2021 18:00,Astinet_ISP
14.07,1.62,20/11/2021 19:00,Astinet_ISP
15.47,1,20/11/2021 20:00,Astinet_ISP
10.06,1,20/11/2021 21:00,Astinet_ISP
8.82,1,20/11/2021 22:00,Astinet_ISP
4.49,1.12,20/11/2021 23:00,Astinet_ISP
5.65,1,21/11/2021 00:00,Astinet_ISP
4.7,1,21/11/2021 01:00,Astinet_ISP
4.35,1,21/11/2021 02:00,Astinet_ISP
2.87,1,21/11/2021 03:00,Astinet_ISP
0.97,1,21/11/2021 04:00,Astinet_ISP
2.21,1,21/11/2021 05:00,Astinet_ISP
5.04,1,21/11/2021 06:00,Astinet_ISP
6.01,1,21/11/2021 07:00,Astinet_ISP
6.9,1,21/11/2021 08:00,Astinet_ISP
8.59,1,21/11/2021 09:00,Astinet_ISP
4.66,1,21/11/2021 10:00,Astinet_ISP
7.19,1,21/11/2021 11:00,Astinet_ISP
5.98,1.56,21/11/2021 12:00,Astinet_ISP
5.22,1.73,21/11/2021 13:00,Astinet_ISP
10.5,1.09,21/11/2021 14:00,Astinet_ISP
13.47,1,21/11/2021 15:00,Astinet_ISP
11.65,1.43,21/11/2021 16:00,Astinet_ISP
11.1,1.15,21/11/2021 17:00,Astinet_ISP
8.9,1.14,21/11/2021 18:00,Astinet_ISP
10.15,2.65,21/11/2021 19:00,Astinet_ISP
7.31,1.5,21/11/2021 20:00,Astinet_ISP
11.84,1,21/11/2021 21:00,Astinet_ISP
5.56,1,21/11/2021 22:00,Astinet_ISP
6.42,1,21/11/2021 23:00,Astinet_ISP
9.35,1.46,22/11/2021 00:00,Astinet_ISP
8.01,1.38,22/11/2021 01:00,Astinet_ISP
5.24,1.54,22/11/2021 02:00,Astinet_ISP
2.64,1.04,22/11/2021 03:00,Astinet_ISP
1.01,1.2,22/11/2021 04:00,Astinet_ISP
1.18,1.29,22/11/2021 05:00,Astinet_ISP
4.81,2.27,22/11/2021 06:00,Astinet_ISP
28.03,3.13,22/11/2021 07:00,Astinet_ISP
64.19,11.03,22/11/2021 08:00,Astinet_ISP
77.52,10.85,22/11/2021 09:00,Astinet_ISP
83.96,17.77,22/11/2021 10:00,Astinet_ISP
82.45,13.84,22/11/2021 11:00,Astinet_ISP
58.15,12.08,22/11/2021 12:00,Astinet_ISP
59.8,14.45,22/11/2021 13:00,Astinet_ISP
68.46,16.69,22/11/2021 14:00,Astinet_ISP
59.39,15.26,22/11/2021 15:00,Astinet_ISP
62.65,11.4,22/11/2021 16:00,Astinet_ISP
38.4,9.47,22/11/2021 17:00,Astinet_ISP
22.4,6.04,22/11/2021 18:00,Astinet_ISP
25.81,6.83,22/11/2021 19:00,Astinet_ISP
17.32,7.49,22/11/2021 20:00,Astinet_ISP
11.44,6.83,22/11/2021 21:00,Astinet_ISP
20.06,6.28,22/11/2021 22:00,Astinet_ISP
8.23,5.13,22/11/2021 23:00,Astinet_ISP
5.6,3.56,23/11/2021 00:00,Astinet_ISP
6,1.61,23/11/2021 01:00,Astinet_ISP
6.95,5.38,23/11/2021 02:00,Astinet_ISP
4.73,5.23,23/11/2021 03:00,Astinet_ISP
6.11,7.09,23/11/2021 04:00,Astinet_ISP
6.14,5.25,23/11/2021 05:00,Astinet_ISP
8.1,5.44,23/11/2021 06:00,Astinet_ISP
22.02,6.75,23/11/2021 07:00,Astinet_ISP
55.57,14.41,23/11/2021 08:00,Astinet_ISP
80.09,25.12,23/11/2021 09:00,Astinet_ISP
75.6,30.29,23/11/2021 10:00,Astinet_ISP
63.59,26.09,23/11/2021 11:00,Astinet_ISP
35.96,22.02,23/11/2021 12:00,Astinet_ISP
64.59,27.78,23/11/2021 13:00,Astinet_ISP
63.65,23.25,23/11/2021 14:00,Astinet_ISP
58.14,21.02,23/11/2021 15:00,Astinet_ISP
61.87,18.12,23/11/2021 16:00,Astinet_ISP
36.65,4.45,23/11/2021 17:00,Astinet_ISP
21.59,2.94,23/11/2021 18:00,Astinet_ISP
14.28,2.83,23/11/2021 19:00,Astinet_ISP
13.04,1.69,23/11/2021 20:00,Astinet_ISP
13.55,1.57,23/11/2021 21:00,Astinet_ISP
13.11,1.01,23/11/2021 22:00,Astinet_ISP
9.65,1,23/11/2021 23:00,Astinet_ISP
4.76,1,24/11/2021 00:00,Astinet_ISP
2.55,1,24/11/2021 01:00,Astinet_ISP
2.84,1,24/11/2021 02:00,Astinet_ISP
2.96,1,24/11/2021 03:00,Astinet_ISP
4.47,1,24/11/2021 04:00,Astinet_ISP
3.39,1.48,24/11/2021 05:00,Astinet_ISP
11.42,1,24/11/2021 06:00,Astinet_ISP
29.67,2.58,24/11/2021 07:00,Astinet_ISP
46.48,5.2,24/11/2021 08:00,Astinet_ISP
62.19,13.72,24/11/2021 09:00,Astinet_ISP
72.54,13.73,24/11/2021 10:00,Astinet_ISP
90.79,18.34,24/11/2021 11:00,Astinet_ISP
58.11,13.46,24/11/2021 12:00,Astinet_ISP
54.52,33.23,24/11/2021 13:00,Astinet_ISP
55.85,25.81,24/11/2021 14:00,Astinet_ISP
50.43,28.85,24/11/2021 15:00,Astinet_ISP
33.77,20.71,24/11/2021 16:00,Astinet_ISP
25.23,3.57,24/11/2021 17:00,Astinet_ISP
14.58,1.24,24/11/2021 18:00,Astinet_ISP
20.23,1.82,24/11/2021 19:00,Astinet_ISP
17.73,2.05,24/11/2021 20:00,Astinet_ISP
19.55,1.67,24/11/2021 21:00,Astinet_ISP
22.13,1.49,24/11/2021 22:00,Astinet_ISP
13.5,1,24/11/2021 23:00,Astinet_ISP
5.83,1,25/11/2021 00:00,Astinet_ISP
5.91,1,25/11/2021 01:00,Astinet_ISP
5.64,1,25/11/2021 02:00,Astinet_ISP
8.55,1,25/11/2021 03:00,Astinet_ISP
6.35,1,25/11/2021 04:00,Astinet_ISP
7.65,1,25/11/2021 05:00,Astinet_ISP
11.12,1,25/11/2021 06:00,Astinet_ISP
22.46,2.02,25/11/2021 07:00,Astinet_ISP
44.27,10.42,25/11/2021 08:00,Astinet_ISP
64.34,24.45,25/11/2021 09:00,Astinet_ISP
55.41,15.97,25/11/2021 10:00,Astinet_ISP
68.65,14.9,25/11/2021 11:00,Astinet_ISP
39.82,13.63,25/11/2021 12:00,Astinet_ISP
70.32,18.63,25/11/2021 13:00,Astinet_ISP
59.84,21.69,25/11/2021 14:00,Astinet_ISP
50.8,20.57,25/11/2021 15:00,Astinet_ISP
43.85,18.67,25/11/2021 16:00,Astinet_ISP
28.52,10.95,25/11/2021 17:00,Astinet_ISP
13.62,1.34,25/11/2021 18:00,Astinet_ISP
14.8,2.1,25/11/2021 19:00,Astinet_ISP
17.6,3.52,25/11/2021 20:00,Astinet_ISP
22.53,2.55,25/11/2021 21:00,Astinet_ISP
17.95,1.93,25/11/2021 22:00,Astinet_ISP
16.74,1.63,25/11/2021 23:00,Astinet_ISP
4.58,1,26/11/2021 00:00,Astinet_ISP
5.03,1.28,26/11/2021 01:00,Astinet_ISP
3.58,1.58,26/11/2021 02:00,Astinet_ISP
1.98,1.45,26/11/2021 03:00,Astinet_ISP
1.29,1.2,26/11/2021 04:00,Astinet_ISP
4.11,1.33,26/11/2021 05:00,Astinet_ISP
7.36,2.51,26/11/2021 06:00,Astinet_ISP
24.73,4.29,26/11/2021 07:00,Astinet_ISP
52.7,9.89,26/11/2021 08:00,Astinet_ISP
74.69,19.06,26/11/2021 09:00,Astinet_ISP
76.23,18.29,26/11/2021 10:00,Astinet_ISP
82.42,20.24,26/11/2021 11:00,Astinet_ISP
57.97,9.28,26/11/2021 12:00,Astinet_ISP
74.64,12.94,26/11/2021 13:00,Astinet_ISP
63.12,20.88,26/11/2021 14:00,Astinet_ISP
51.54,13.44,26/11/2021 15:00,Astinet_ISP
51.55,14.41,26/11/2021 16:00,Astinet_ISP
37.07,9.56,26/11/2021 17:00,Astinet_ISP
19.4,3.13,26/11/2021 18:00,Astinet_ISP
18.73,4.58,26/11/2021 19:00,Astinet_ISP
13.35,2.19,26/11/2021 20:00,Astinet_ISP
17.31,1.99,26/11/2021 21:00,Astinet_ISP
13.99,1,26/11/2021 22:00,Astinet_ISP
6.05,1,26/11/2021 23:00,Astinet_ISP
7.31,1.9,27/11/2021 00:00,Astinet_ISP
3.98,1.38,27/11/2021 01:00,Astinet_ISP
3.36,1,27/11/2021 02:00,Astinet_ISP
1.93,1,27/11/2021 03:00,Astinet_ISP
1.22,1,27/11/2021 04:00,Astinet_ISP
1.2,1,27/11/2021 05:00,Astinet_ISP
3.65,1,27/11/2021 06:00,Astinet_ISP
14.66,2.07,27/11/2021 07:00,Astinet_ISP
12.5,1.9,27/11/2021 08:00,Astinet_ISP
16.41,1.63,27/11/2021 09:00,Astinet_ISP
29.69,2.2,27/11/2021 10:00,Astinet_ISP
20.35,1.57,27/11/2021 11:00,Astinet_ISP
19.25,1.63,27/11/2021 12:00,Astinet_ISP
11.91,1.87,27/11/2021 13:00,Astinet_ISP
11.84,1.07,27/11/2021 14:00,Astinet_ISP
11.16,1,27/11/2021 15:00,Astinet_ISP
9.09,1,27/11/2021 16:00,Astinet_ISP
6.69,1,27/11/2021 17:00,Astinet_ISP
7.22,1,27/11/2021 18:00,Astinet_ISP
9.52,1,27/11/2021 19:00,Astinet_ISP
3.87,1,27/11/2021 20:00,Astinet_ISP
10.76,1,27/11/2021 21:00,Astinet_ISP
9.03,1,27/11/2021 22:00,Astinet_ISP
4.44,1.42,27/11/2021 23:00,Astinet_ISP
3.28,1.39,28/11/2021 00:00,Astinet_ISP
1.98,1.7,28/11/2021 01:00,Astinet_ISP
1.45,1.67,28/11/2021 02:00,Astinet_ISP
0.66,1,28/11/2021 03:00,Astinet_ISP
0.53,1,28/11/2021 04:00,Astinet_ISP
1.13,1,28/11/2021 05:00,Astinet_ISP
4.31,1,28/11/2021 06:00,Astinet_ISP
4.7,1,28/11/2021 07:00,Astinet_ISP
4.62,1,28/11/2021 08:00,Astinet_ISP
6.95,1,28/11/2021 09:00,Astinet_ISP
7.39,1.3,28/11/2021 10:00,Astinet_ISP
7.97,2.34,28/11/2021 11:00,Astinet_ISP
8.29,1,28/11/2021 12:00,Astinet_ISP
4.7,1,28/11/2021 13:00,Astinet_ISP
4.76,1,28/11/2021 14:00,Astinet_ISP
7.97,1.36,28/11/2021 15:00,Astinet_ISP
10.86,1.52,28/11/2021 16:00,Astinet_ISP
10.24,2.29,28/11/2021 17:00,Astinet_ISP
7.86,1,28/11/2021 18:00,Astinet_ISP
7.01,1.46,28/11/2021 19:00,Astinet_ISP
13.33,1.77,28/11/2021 20:00,Astinet_ISP
7.58,1,28/11/2021 21:00,Astinet_ISP
9.61,1.07,28/11/2021 22:00,Astinet_ISP
4.45,1,28/11/2021 23:00,Astinet_ISP
3.77,1,29/11/2021 00:00,Astinet_ISP
3.87,1,29/11/2021 01:00,Astinet_ISP
2.34,1,29/11/2021 02:00,Astinet_ISP
2.17,1,29/11/2021 03:00,Astinet_ISP
1.36,1,29/11/2021 04:00,Astinet_ISP
1.73,1,29/11/2021 05:00,Astinet_ISP
2.93,1,29/11/2021 06:00,Astinet_ISP
19.05,2.38,29/11/2021 07:00,Astinet_ISP
43.41,8.56,29/11/2021 08:00,Astinet_ISP
57.98,14.16,29/11/2021 09:00,Astinet_ISP
67.1,16.71,29/11/2021 10:00,Astinet_ISP
78.48,12.07,29/11/2021 11:00,Astinet_ISP
52.49,8.2,29/11/2021 12:00,Astinet_ISP
69.71,9.01,29/11/2021 13:00,Astinet_ISP
74.78,10.61,29/11/2021 14:00,Astinet_ISP
58.6,10.51,29/11/2021 15:00,Astinet_ISP
59.01,13.68,29/11/2021 16:00,Astinet_ISP
40.19,6.67,29/11/2021 17:00,Astinet_ISP
12.79,1.38,29/11/2021 18:00,Astinet_ISP
13.54,1.02,29/11/2021 19:00,Astinet_ISP
8.05,1,29/11/2021 20:00,Astinet_ISP
16.07,2.2,29/11/2021 21:00,Astinet_ISP
19.74,6.01,29/11/2021 22:00,Astinet_ISP
5.93,2.4,29/11/2021 23:00,Astinet_ISP
7.02,1,30/11/2021 00:00,Astinet_ISP
7.01,1,30/11/2021 01:00,Astinet_ISP
2.45,1,30/11/2021 02:00,Astinet_ISP
3.55,1,30/11/2021 03:00,Astinet_ISP
5.03,1,30/11/2021 04:00,Astinet_ISP
3.57,1,30/11/2021 05:00,Astinet_ISP
3.88,1,30/11/2021 06:00,Astinet_ISP
25.67,4.56,30/11/2021 07:00,Astinet_ISP
64.24,15.49,30/11/2021 08:00,Astinet_ISP
69.99,19.43,30/11/2021 09:00,Astinet_ISP
74.32,20.6,30/11/2021 10:00,Astinet_ISP
84.97,22.29,30/11/2021 11:00,Astinet_ISP
59.15,15.17,30/11/2021 12:00,Astinet_ISP
79.72,17.78,30/11/2021 13:00,Astinet_ISP
74.85,17.52,30/11/2021 14:00,Astinet_ISP
65.55,25.44,30/11/2021 15:00,Astinet_ISP
57.07,14.06,30/11/2021 16:00,Astinet_ISP
25.75,6.18,30/11/2021 17:00,Astinet_ISP
9.08,1.37,30/11/2021 18:00,Astinet_ISP
16.85,1.57,30/11/2021 19:00,Astinet_ISP
13.68,1.62,30/11/2021 20:00,Astinet_ISP
15.76,1.6,30/11/2021 21:00,Astinet_ISP
16.75,1.53,30/11/2021 22:00,Astinet_ISP
12.79,1.06,30/11/2021 23:00,Astinet_ISP
24.81,3.34,17/11/2021 07:00,Indosat_ISP
34.09,6.87,17/11/2021 08:00,Indosat_ISP
34.93,7.86,17/11/2021 09:00,Indosat_ISP
34.32,6.95,17/11/2021 10:00,Indosat_ISP
30.82,4.19,17/11/2021 11:00,Indosat_ISP
25.44,2.29,17/11/2021 12:00,Indosat_ISP
37.42,4.29,17/11/2021 13:00,Indosat_ISP
41.63,4.51,17/11/2021 14:00,Indosat_ISP
30.57,3.79,17/11/2021 15:00,Indosat_ISP
12.46,1.05,17/11/2021 16:00,Indosat_ISP
15.95,1.12,17/11/2021 17:00,Indosat_ISP
12.73,1.26,17/11/2021 18:00,Indosat_ISP
9.43,1.92,17/11/2021 19:00,Indosat_ISP
9.43,1,17/11/2021 20:00,Indosat_ISP
9.91,1,17/11/2021 21:00,Indosat_ISP
5.32,1,17/11/2021 22:00,Indosat_ISP
8.85,1,17/11/2021 23:00,Indosat_ISP
5.47,1,18/11/2021 00:00,Indosat_ISP
4.21,1.84,18/11/2021 01:00,Indosat_ISP
3.85,3.91,18/11/2021 02:00,Indosat_ISP
2.92,1.93,18/11/2021 03:00,Indosat_ISP
2.25,1,18/11/2021 04:00,Indosat_ISP
2.31,1,18/11/2021 05:00,Indosat_ISP
3.47,1.57,18/11/2021 06:00,Indosat_ISP
27.13,4.92,18/11/2021 07:00,Indosat_ISP
27.88,11.38,18/11/2021 08:00,Indosat_ISP
41.25,4.59,18/11/2021 09:00,Indosat_ISP
46.19,4.32,18/11/2021 10:00,Indosat_ISP
32.51,4.19,18/11/2021 11:00,Indosat_ISP
34.5,2.53,18/11/2021 12:00,Indosat_ISP
32.56,3.64,18/11/2021 13:00,Indosat_ISP
31.02,11.64,18/11/2021 14:00,Indosat_ISP
23.86,8.86,18/11/2021 15:00,Indosat_ISP
17.26,3.91,18/11/2021 16:00,Indosat_ISP
10.6,1.03,18/11/2021 17:00,Indosat_ISP
5.23,1,18/11/2021 18:00,Indosat_ISP
8.07,1,18/11/2021 19:00,Indosat_ISP
10.08,1,18/11/2021 20:00,Indosat_ISP
10.57,1,18/11/2021 21:00,Indosat_ISP
7.7,1,18/11/2021 22:00,Indosat_ISP
8.73,1,18/11/2021 23:00,Indosat_ISP
4.18,1,19/11/2021 00:00,Indosat_ISP
3.74,1,19/11/2021 01:00,Indosat_ISP
6.2,1,19/11/2021 02:00,Indosat_ISP
3.2,1,19/11/2021 03:00,Indosat_ISP
2.57,1,19/11/2021 04:00,Indosat_ISP
3.84,1,19/11/2021 05:00,Indosat_ISP
3.86,1,19/11/2021 06:00,Indosat_ISP
34.46,3.88,19/11/2021 07:00,Indosat_ISP
30.76,6.66,19/11/2021 08:00,Indosat_ISP
26.97,4.45,19/11/2021 09:00,Indosat_ISP
24.86,4.92,19/11/2021 10:00,Indosat_ISP
41.95,14.93,19/11/2021 11:00,Indosat_ISP
17.14,3.5,19/11/2021 12:00,Indosat_ISP
30.38,8.12,19/11/2021 13:00,Indosat_ISP
32.64,6.5,19/11/2021 14:00,Indosat_ISP
27.32,3.77,19/11/2021 15:00,Indosat_ISP
15.79,1.89,19/11/2021 16:00,Indosat_ISP
15.35,2.53,19/11/2021 17:00,Indosat_ISP
9.47,1,19/11/2021 18:00,Indosat_ISP
4.98,4.1,19/11/2021 19:00,Indosat_ISP
9.83,6.12,19/11/2021 20:00,Indosat_ISP
9.25,2.97,19/11/2021 21:00,Indosat_ISP
7.57,5.06,19/11/2021 22:00,Indosat_ISP
5.33,1.71,19/11/2021 23:00,Indosat_ISP
8.02,1,20/11/2021 00:00,Indosat_ISP
7.27,1,20/11/2021 01:00,Indosat_ISP
4.1,1,20/11/2021 02:00,Indosat_ISP
2.26,1,20/11/2021 03:00,Indosat_ISP
2.34,1,20/11/2021 04:00,Indosat_ISP
3.32,1,20/11/2021 05:00,Indosat_ISP
7.56,1,20/11/2021 06:00,Indosat_ISP
15.67,1.05,20/11/2021 07:00,Indosat_ISP
21.93,4.14,20/11/2021 08:00,Indosat_ISP
19.36,2.73,20/11/2021 09:00,Indosat_ISP
19.65,1.98,20/11/2021 10:00,Indosat_ISP
25.5,2.14,20/11/2021 11:00,Indosat_ISP
24.4,1.22,20/11/2021 12:00,Indosat_ISP
30.56,1.51,20/11/2021 13:00,Indosat_ISP
28.68,1.78,20/11/2021 14:00,Indosat_ISP
24.03,1.51,20/11/2021 15:00,Indosat_ISP
13.18,1,20/11/2021 16:00,Indosat_ISP
15.11,1,20/11/2021 17:00,Indosat_ISP
14.61,1,20/11/2021 18:00,Indosat_ISP
8.95,1,20/11/2021 19:00,Indosat_ISP
8.08,1,20/11/2021 20:00,Indosat_ISP
4.24,1,20/11/2021 21:00,Indosat_ISP
4.7,1,20/11/2021 22:00,Indosat_ISP
7.59,1,20/11/2021 23:00,Indosat_ISP
6.12,1,21/11/2021 00:00,Indosat_ISP
9.7,1,21/11/2021 01:00,Indosat_ISP
9.14,1,21/11/2021 02:00,Indosat_ISP
4.54,1,21/11/2021 03:00,Indosat_ISP
2.08,1,21/11/2021 04:00,Indosat_ISP
3.66,1,21/11/2021 05:00,Indosat_ISP
5.37,1,21/11/2021 06:00,Indosat_ISP
10.59,1,21/11/2021 07:00,Indosat_ISP
10.47,1,21/11/2021 08:00,Indosat_ISP
10.23,1,21/11/2021 09:00,Indosat_ISP
12.81,1.13,21/11/2021 10:00,Indosat_ISP
14,1,21/11/2021 11:00,Indosat_ISP
20.83,1,21/11/2021 12:00,Indosat_ISP
15.31,1,21/11/2021 13:00,Indosat_ISP
13.08,1,21/11/2021 14:00,Indosat_ISP
10.26,1,21/11/2021 15:00,Indosat_ISP
10.91,1,21/11/2021 16:00,Indosat_ISP
19.96,1,21/11/2021 17:00,Indosat_ISP
13.24,1,21/11/2021 18:00,Indosat_ISP
13.83,1,21/11/2021 19:00,Indosat_ISP
13.26,1,21/11/2021 20:00,Indosat_ISP
13.03,1,21/11/2021 21:00,Indosat_ISP
10.59,1,21/11/2021 22:00,Indosat_ISP
16.41,1,21/11/2021 23:00,Indosat_ISP
10.64,1,22/11/2021 00:00,Indosat_ISP
14.16,1,22/11/2021 01:00,Indosat_ISP
8.71,1,22/11/2021 02:00,Indosat_ISP
3.67,1,22/11/2021 03:00,Indosat_ISP
1.63,1,22/11/2021 04:00,Indosat_ISP
3.07,1,22/11/2021 05:00,Indosat_ISP
4.01,1,22/11/2021 06:00,Indosat_ISP
33.21,5.41,22/11/2021 07:00,Indosat_ISP
39.78,5.3,22/11/2021 08:00,Indosat_ISP
36.11,5.76,22/11/2021 09:00,Indosat_ISP
28.35,5.72,22/11/2021 10:00,Indosat_ISP
25.9,4.4,22/11/2021 11:00,Indosat_ISP
23.83,3.19,22/11/2021 12:00,Indosat_ISP
27.85,4.34,22/11/2021 13:00,Indosat_ISP
36.61,5.17,22/11/2021 14:00,Indosat_ISP
32.35,3.54,22/11/2021 15:00,Indosat_ISP
12.33,1.39,22/11/2021 16:00,Indosat_ISP
20.13,1.03,22/11/2021 17:00,Indosat_ISP
14.25,1,22/11/2021 18:00,Indosat_ISP
15.65,1,22/11/2021 19:00,Indosat_ISP
19.55,1.07,22/11/2021 20:00,Indosat_ISP
19.71,1,22/11/2021 21:00,Indosat_ISP
9.69,1,22/11/2021 22:00,Indosat_ISP
11.92,1,22/11/2021 23:00,Indosat_ISP
5.59,1,23/11/2021 00:00,Indosat_ISP
7.5,1,23/11/2021 01:00,Indosat_ISP
4.25,1,23/11/2021 02:00,Indosat_ISP
2.93,1,23/11/2021 03:00,Indosat_ISP
2.58,1,23/11/2021 04:00,Indosat_ISP
2.72,1,23/11/2021 05:00,Indosat_ISP
3.28,1,23/11/2021 06:00,Indosat_ISP
27.3,3.15,23/11/2021 07:00,Indosat_ISP
34.41,9.44,23/11/2021 08:00,Indosat_ISP
29.16,5.03,23/11/2021 09:00,Indosat_ISP
29.15,3.59,23/11/2021 10:00,Indosat_ISP
36.85,5.54,23/11/2021 11:00,Indosat_ISP
28.75,2.74,23/11/2021 12:00,Indosat_ISP
29.29,10.35,23/11/2021 13:00,Indosat_ISP
36.08,4.68,23/11/2021 14:00,Indosat_ISP
33.15,3.29,23/11/2021 15:00,Indosat_ISP
12.21,1.18,23/11/2021 16:00,Indosat_ISP
11.52,1,23/11/2021 17:00,Indosat_ISP
13.77,1,23/11/2021 18:00,Indosat_ISP
10.58,1,23/11/2021 19:00,Indosat_ISP
11.39,1.56,23/11/2021 20:00,Indosat_ISP
11.1,1.03,23/11/2021 21:00,Indosat_ISP
8.62,1,23/11/2021 22:00,Indosat_ISP
10.64,1,23/11/2021 23:00,Indosat_ISP
7.47,1,24/11/2021 00:00,Indosat_ISP
27.62,1.44,24/11/2021 01:00,Indosat_ISP
17.51,1,24/11/2021 02:00,Indosat_ISP
9.91,1,24/11/2021 03:00,Indosat_ISP
10.97,1,24/11/2021 04:00,Indosat_ISP
4.28,1,24/11/2021 05:00,Indosat_ISP
4.59,1,24/11/2021 06:00,Indosat_ISP
22.5,2.71,24/11/2021 07:00,Indosat_ISP
31.1,9.86,24/11/2021 08:00,Indosat_ISP
37.5,5.84,24/11/2021 09:00,Indosat_ISP
28.3,4.16,24/11/2021 10:00,Indosat_ISP
29.77,5.14,24/11/2021 11:00,Indosat_ISP
25.09,2.21,24/11/2021 12:00,Indosat_ISP
33.4,4.08,24/11/2021 13:00,Indosat_ISP
31.61,13.1,24/11/2021 14:00,Indosat_ISP
35.67,17.55,24/11/2021 15:00,Indosat_ISP
18.53,9.4,24/11/2021 16:00,Indosat_ISP
11.73,1.03,24/11/2021 17:00,Indosat_ISP
11.63,1,24/11/2021 18:00,Indosat_ISP
10.64,1,24/11/2021 19:00,Indosat_ISP
9.25,1,24/11/2021 20:00,Indosat_ISP
11.09,1.03,24/11/2021 21:00,Indosat_ISP
9.44,1,24/11/2021 22:00,Indosat_ISP
7.94,1.12,24/11/2021 23:00,Indosat_ISP
6.74,1,25/11/2021 00:00,Indosat_ISP
10.09,1,25/11/2021 01:00,Indosat_ISP
12.01,1,25/11/2021 02:00,Indosat_ISP
6.55,1,25/11/2021 03:00,Indosat_ISP
6.28,1,25/11/2021 04:00,Indosat_ISP
5.98,1,25/11/2021 05:00,Indosat_ISP
8.17,1,25/11/2021 06:00,Indosat_ISP
23.29,2.94,25/11/2021 07:00,Indosat_ISP
25.38,4.86,25/11/2021 08:00,Indosat_ISP
26.98,3.39,25/11/2021 09:00,Indosat_ISP
29.3,5.04,25/11/2021 10:00,Indosat_ISP
34.32,4.25,25/11/2021 11:00,Indosat_ISP
25.02,2.42,25/11/2021 12:00,Indosat_ISP
25.05,3.29,25/11/2021 13:00,Indosat_ISP
26.45,4.78,25/11/2021 14:00,Indosat_ISP
22.9,3.73,25/11/2021 15:00,Indosat_ISP
13.41,1.2,25/11/2021 16:00,Indosat_ISP
13.43,1,25/11/2021 17:00,Indosat_ISP
19.28,1,25/11/2021 18:00,Indosat_ISP
10.96,1,25/11/2021 19:00,Indosat_ISP
9.94,1,25/11/2021 20:00,Indosat_ISP
13.82,2.17,25/11/2021 21:00,Indosat_ISP
22.53,1.42,25/11/2021 22:00,Indosat_ISP
10.41,1,25/11/2021 23:00,Indosat_ISP
7.65,1,26/11/2021 00:00,Indosat_ISP
24.09,1.03,26/11/2021 01:00,Indosat_ISP
10.31,1,26/11/2021 02:00,Indosat_ISP
3.29,1,26/11/2021 03:00,Indosat_ISP
10.1,1,26/11/2021 04:00,Indosat_ISP
7.41,1,26/11/2021 05:00,Indosat_ISP
12.81,1,26/11/2021 06:00,Indosat_ISP
19.71,2.34,26/11/2021 07:00,Indosat_ISP
23.39,4.55,26/11/2021 08:00,Indosat_ISP
32.84,5.98,26/11/2021 09:00,Indosat_ISP
35.73,5.75,26/11/2021 10:00,Indosat_ISP
29.04,18.56,26/11/2021 11:00,Indosat_ISP
20.84,1.49,26/11/2021 12:00,Indosat_ISP
34.29,2.96,26/11/2021 13:00,Indosat_ISP
36.88,4.84,26/11/2021 14:00,Indosat_ISP
28.34,4.66,26/11/2021 15:00,Indosat_ISP
13.24,3.26,26/11/2021 16:00,Indosat_ISP
13.18,1,26/11/2021 17:00,Indosat_ISP
22.35,1,26/11/2021 18:00,Indosat_ISP
29.56,1.44,26/11/2021 19:00,Indosat_ISP
19.58,1,26/11/2021 20:00,Indosat_ISP
21.32,1,26/11/2021 21:00,Indosat_ISP
10.25,1,26/11/2021 22:00,Indosat_ISP
5.14,1,26/11/2021 23:00,Indosat_ISP
5.17,1,27/11/2021 00:00,Indosat_ISP
7.37,1,27/11/2021 01:00,Indosat_ISP
8.49,1,27/11/2021 02:00,Indosat_ISP
4.64,1,27/11/2021 03:00,Indosat_ISP
1.92,1,27/11/2021 04:00,Indosat_ISP
2.14,1,27/11/2021 05:00,Indosat_ISP
4.63,1,27/11/2021 06:00,Indosat_ISP
10.12,3.75,27/11/2021 07:00,Indosat_ISP
27.6,1.67,27/11/2021 08:00,Indosat_ISP
39.23,2.37,27/11/2021 09:00,Indosat_ISP
50.63,2.54,27/11/2021 10:00,Indosat_ISP
50.07,2.39,27/11/2021 11:00,Indosat_ISP
25.7,2.49,27/11/2021 12:00,Indosat_ISP
25.83,1.55,27/11/2021 13:00,Indosat_ISP
22.13,1.6,27/11/2021 14:00,Indosat_ISP
20.71,1.51,27/11/2021 15:00,Indosat_ISP
14.41,1,27/11/2021 16:00,Indosat_ISP
17.73,1,27/11/2021 17:00,Indosat_ISP
18.22,1.06,27/11/2021 18:00,Indosat_ISP
20.63,1.32,27/11/2021 19:00,Indosat_ISP
10.6,1,27/11/2021 20:00,Indosat_ISP
8.22,1,27/11/2021 21:00,Indosat_ISP
10.28,1,27/11/2021 22:00,Indosat_ISP
9.9,1,27/11/2021 23:00,Indosat_ISP
25.86,1,28/11/2021 00:00,Indosat_ISP
20.81,1,28/11/2021 01:00,Indosat_ISP
16.24,1,28/11/2021 02:00,Indosat_ISP
12.65,1,28/11/2021 03:00,Indosat_ISP
3.88,1,28/11/2021 04:00,Indosat_ISP
3.7,1.22,28/11/2021 05:00,Indosat_ISP
6.78,1,28/11/2021 06:00,Indosat_ISP
9.11,1,28/11/2021 07:00,Indosat_ISP
10.11,1,28/11/2021 08:00,Indosat_ISP
9.92,1,28/11/2021 09:00,Indosat_ISP
13.12,1,28/11/2021 10:00,Indosat_ISP
14.11,1,28/11/2021 11:00,Indosat_ISP
7.99,1,28/11/2021 12:00,Indosat_ISP
14.47,1,28/11/2021 13:00,Indosat_ISP
12.11,1,28/11/2021 14:00,Indosat_ISP
16.35,1,28/11/2021 15:00,Indosat_ISP
14.92,1.84,28/11/2021 16:00,Indosat_ISP
17.1,1,28/11/2021 17:00,Indosat_ISP
13.94,1.57,28/11/2021 18:00,Indosat_ISP
13.35,1,28/11/2021 19:00,Indosat_ISP
12.74,1,28/11/2021 20:00,Indosat_ISP
15.54,1,28/11/2021 21:00,Indosat_ISP
22.35,1,28/11/2021 22:00,Indosat_ISP
10.12,1,28/11/2021 23:00,Indosat_ISP
15.27,1,29/11/2021 00:00,Indosat_ISP
18.03,1,29/11/2021 01:00,Indosat_ISP
9.56,1,29/11/2021 02:00,Indosat_ISP
8.15,1,29/11/2021 03:00,Indosat_ISP
5.57,1,29/11/2021 04:00,Indosat_ISP
4.48,2.4,29/11/2021 05:00,Indosat_ISP
7.22,1,29/11/2021 06:00,Indosat_ISP
29.38,3.74,29/11/2021 07:00,Indosat_ISP
43.04,6.84,29/11/2021 08:00,Indosat_ISP
32.16,7.62,29/11/2021 09:00,Indosat_ISP
35.44,4.78,29/11/2021 10:00,Indosat_ISP
45.56,5.87,29/11/2021 11:00,Indosat_ISP
7.98,7.61,29/11/2021 12:00,Indosat_ISP
28.64,4.34,29/11/2021 13:00,Indosat_ISP
22.96,5.4,29/11/2021 14:00,Indosat_ISP
19.44,6.14,29/11/2021 15:00,Indosat_ISP
23.29,2.89,29/11/2021 16:00,Indosat_ISP
18.15,3.3,29/11/2021 17:00,Indosat_ISP
12.99,1.15,29/11/2021 18:00,Indosat_ISP
10.61,1.13,29/11/2021 19:00,Indosat_ISP
7.66,1.48,29/11/2021 20:00,Indosat_ISP
10.42,1,29/11/2021 21:00,Indosat_ISP
5.48,1,29/11/2021 22:00,Indosat_ISP
6.71,1,29/11/2021 23:00,Indosat_ISP
14.31,2.65,30/11/2021 00:00,Indosat_ISP
7.7,1,30/11/2021 01:00,Indosat_ISP
5.16,1,30/11/2021 02:00,Indosat_ISP
3.47,1,30/11/2021 03:00,Indosat_ISP
5.23,1,30/11/2021 04:00,Indosat_ISP
4.08,1,30/11/2021 05:00,Indosat_ISP
4.69,1,30/11/2021 06:00,Indosat_ISP
23.91,4.72,30/11/2021 07:00,Indosat_ISP
32.61,7.57,30/11/2021 08:00,Indosat_ISP
36.95,7.44,30/11/2021 09:00,Indosat_ISP
35.75,8.99,30/11/2021 10:00,Indosat_ISP
42.95,7.1,30/11/2021 11:00,Indosat_ISP
45.77,3.82,30/11/2021 12:00,Indosat_ISP
49.37,6.24,30/11/2021 13:00,Indosat_ISP
26.23,4.33,30/11/2021 14:00,Indosat_ISP
35.34,4.2,30/11/2021 15:00,Indosat_ISP
43.78,2.69,30/11/2021 16:00,Indosat_ISP
30.41,1.68,30/11/2021 17:00,Indosat_ISP
10.5,1,30/11/2021 18:00,Indosat_ISP
10.07,1,30/11/2021 19:00,Indosat_ISP
10.25,1,30/11/2021 20:00,Indosat_ISP
8.15,1,30/11/2021 21:00,Indosat_ISP
4.29,1,30/11/2021 22:00,Indosat_ISP
6.64,1,30/11/2021 23:00,Indosat_ISP
